Timestamp,Target,PacketSize,Hop,Host,Loss%,Snt,Last,Avg,Best,Wrst,StDev
2023-05-03 21:14:32.044651,52.253.119.179,64,HOST:,endeavour,Loss%,Snt,Last,Avg,Best,Wrst,StDev
2023-05-03 21:14:32.044651,52.253.119.179,64,1.|--,192.168.0.1,0.0%,10,1.3,1.1,0.7,1.3,0.2
2023-05-03 21:14:32.044651,52.253.119.179,64,2.|--,10.248.0.2,0.0%,10,1.8,2.0,1.6,2.6,0.3
2023-05-03 21:14:32.044651,52.253.119.179,64,3.|--,45.71.39.254,0.0%,10,2.4,2.3,1.4,2.7,0.4
2023-05-03 21:14:32.044651,52.253.119.179,64,4.|--,172.16.201.180,0.0%,10,3.6,3.6,3.2,3.9,0.2
2023-05-03 21:14:32.044651,52.253.119.179,64,5.|--,172.18.9.4,0.0%,10,4.2,3.9,3.5,4.5,0.3
2023-05-03 21:14:32.044651,52.253.119.179,64,6.|--,172.18.9.6,0.0%,10,3.8,4.0,3.6,4.4,0.3
2023-05-03 21:14:32.044651,52.253.119.179,64,7.|--,67.73.160.1,0.0%,10,17.1,10.8,2.9,26.7,8.2
2023-05-03 21:14:32.044651,52.253.119.179,64,8.|--,4.69.219.142,10.0%,10,76.0,75.6,73.0,87.3,4.5
2023-05-03 21:14:32.044651,52.253.119.179,64,9.|--,4.68.62.2,0.0%,10,63.7,64.0,62.7,70.5,2.5
2023-05-03 21:14:32.044651,52.253.119.179,64,10.|--,104.44.230.39,0.0%,10,74.8,68.4,62.7,81.0,6.7
2023-05-03 21:14:32.044651,52.253.119.179,64,11.|--,104.44.33.169,0.0%,10,215.2,214.8,214.3,215.3,0.3
2023-05-03 21:14:32.044651,52.253.119.179,64,12.|--,104.44.28.74,0.0%,10,215.5,215.2,214.5,216.8,0.7
2023-05-03 21:14:32.044651,52.253.119.179,64,13.|--,104.44.17.73,0.0%,10,213.7,213.6,212.6,215.9,0.9
2023-05-03 21:14:32.044651,52.253.119.179,64,14.|--,104.44.18.172,0.0%,10,214.0,214.1,213.9,214.5,0.2
2023-05-03 21:14:32.044651,52.253.119.179,64,15.|--,104.44.16.86,0.0%,10,214.6,214.8,214.3,215.2,0.3
2023-05-03 21:14:32.044651,52.253.119.179,64,16.|--,104.44.7.21,0.0%,10,213.2,213.2,212.6,213.7,0.3
2023-05-03 21:14:32.044651,52.253.119.179,64,17.|--,104.44.20.28,0.0%,10,223.6,214.2,212.4,223.6,3.5
2023-05-03 21:14:32.044651,52.253.119.179,64,18.|--,???,100.0,10,0.0,0.0,0.0,0.0,0.0

2023-05-03 21:14:32.044651,52.253.119.179,128,HOST:,endeavour,Loss%,Snt,Last,Avg,Best,Wrst,StDev
2023-05-03 21:14:32.044651,52.253.119.179,128,1.|--,192.168.0.1,0.0%,10,1.3,1.1,0.6,1.3,0.2
2023-05-03 21:14:32.044651,52.253.119.179,128,2.|--,10.248.0.2,0.0%,10,1.9,2.2,1.5,3.9,0.7
2023-05-03 21:14:32.044651,52.253.119.179,128,3.|--,45.71.39.254,0.0%,10,2.5,2.2,1.7,2.6,0.3
2023-05-03 21:14:32.044651,52.253.119.179,128,4.|--,172.16.201.180,0.0%,10,3.3,3.4,3.1,4.0,0.3
2023-05-03 21:14:32.044651,52.253.119.179,128,5.|--,172.18.9.4,0.0%,10,4.8,4.4,3.7,7.8,1.2
2023-05-03 21:14:32.044651,52.253.119.179,128,6.|--,172.18.9.6,0.0%,10,4.1,4.3,3.3,6.9,1.1
2023-05-03 21:14:32.044651,52.253.119.179,128,7.|--,67.73.160.1,0.0%,10,3.3,3.6,3.1,4.2,0.4
2023-05-03 21:14:32.044651,52.253.119.179,128,8.|--,4.69.219.142,0.0%,10,74.2,79.0,73.0,92.4,5.7
2023-05-03 21:14:32.044651,52.253.119.179,128,9.|--,4.68.62.2,0.0%,10,62.9,66.1,62.9,73.9,4.3
2023-05-03 21:14:32.044651,52.253.119.179,128,10.|--,104.44.230.39,0.0%,10,63.1,65.6,62.5,74.2,3.9
2023-05-03 21:14:32.044651,52.253.119.179,128,11.|--,104.44.33.169,0.0%,10,221.7,215.8,214.4,221.7,2.4
2023-05-03 21:14:32.044651,52.253.119.179,128,12.|--,104.44.28.74,0.0%,10,216.8,222.8,214.3,291.4,24.1
2023-05-03 21:14:32.044651,52.253.119.179,128,13.|--,104.44.17.73,0.0%,10,213.1,215.4,212.8,234.2,6.6
2023-05-03 21:14:32.044651,52.253.119.179,128,14.|--,104.44.18.172,0.0%,10,214.7,214.3,213.7,214.8,0.4
2023-05-03 21:14:32.044651,52.253.119.179,128,15.|--,104.44.16.86,0.0%,10,214.5,214.7,214.2,215.1,0.3
2023-05-03 21:14:32.044651,52.253.119.179,128,16.|--,104.44.7.21,0.0%,10,213.6,213.3,212.8,214.0,0.4
2023-05-03 21:14:32.044651,52.253.119.179,128,17.|--,104.44.20.28,0.0%,10,212.8,213.6,212.6,216.0,1.2
2023-05-03 21:14:32.044651,52.253.119.179,128,18.|--,???,100.0,10,0.0,0.0,0.0,0.0,0.0

2023-05-03 21:14:32.044651,52.253.119.179,256,HOST:,endeavour,Loss%,Snt,Last,Avg,Best,Wrst,StDev
2023-05-03 21:14:32.044651,52.253.119.179,256,1.|--,192.168.0.1,0.0%,10,1.1,1.2,0.9,1.3,0.1
2023-05-03 21:14:32.044651,52.253.119.179,256,2.|--,10.248.0.2,0.0%,10,2.0,1.9,1.6,2.2,0.2
2023-05-03 21:14:32.044651,52.253.119.179,256,3.|--,45.71.39.254,0.0%,10,2.6,2.1,1.6,2.6,0.3
2023-05-03 21:14:32.044651,52.253.119.179,256,4.|--,172.16.201.180,0.0%,10,3.5,3.9,3.3,6.4,0.9
2023-05-03 21:14:32.044651,52.253.119.179,256,5.|--,172.18.9.4,0.0%,10,3.2,3.9,3.2,4.5,0.4
2023-05-03 21:14:32.044651,52.253.119.179,256,6.|--,172.18.9.6,0.0%,10,4.0,3.7,3.3,4.2,0.3
2023-05-03 21:14:32.044651,52.253.119.179,256,7.|--,67.73.160.1,0.0%,10,3.1,3.9,3.0,6.1,0.9
2023-05-03 21:14:32.044651,52.253.119.179,256,8.|--,4.69.219.142,0.0%,10,73.7,75.8,72.5,91.4,5.7
2023-05-03 21:14:32.044651,52.253.119.179,256,9.|--,4.68.62.2,0.0%,10,63.7,63.4,62.7,63.7,0.4
2023-05-03 21:14:32.044651,52.253.119.179,256,10.|--,104.44.230.39,0.0%,10,62.9,64.8,62.6,77.8,4.6
2023-05-03 21:14:32.044651,52.253.119.179,256,11.|--,104.44.33.169,0.0%,10,215.1,215.1,214.3,216.0,0.4
2023-05-03 21:14:32.044651,52.253.119.179,256,12.|--,104.44.28.74,0.0%,10,214.8,259.7,214.4,341.2,51.8
2023-05-03 21:14:32.044651,52.253.119.179,256,13.|--,104.44.17.73,0.0%,10,212.4,239.0,212.4,284.8,27.5
2023-05-03 21:14:32.044651,52.253.119.179,256,14.|--,104.44.18.172,0.0%,10,214.3,214.2,213.9,214.5,0.2
2023-05-03 21:14:32.044651,52.253.119.179,256,15.|--,104.44.16.86,0.0%,10,214.2,215.2,214.2,217.1,1.0
2023-05-03 21:14:32.044651,52.253.119.179,256,16.|--,104.44.7.21,0.0%,10,213.5,213.4,212.8,214.1,0.4
2023-05-03 21:14:32.044651,52.253.119.179,256,17.|--,104.44.20.28,0.0%,10,212.7,214.4,212.7,220.6,2.8
2023-05-03 21:14:32.044651,52.253.119.179,256,18.|--,???,100.0,10,0.0,0.0,0.0,0.0,0.0

2023-05-03 21:14:32.044651,52.253.119.179,512,HOST:,endeavour,Loss%,Snt,Last,Avg,Best,Wrst,StDev
2023-05-03 21:14:32.044651,52.253.119.179,512,1.|--,192.168.0.1,0.0%,10,1.5,1.3,1.1,1.5,0.1
2023-05-03 21:14:32.044651,52.253.119.179,512,2.|--,10.248.0.2,0.0%,10,1.9,2.2,1.8,2.6,0.3
2023-05-03 21:14:32.044651,52.253.119.179,512,3.|--,45.71.39.254,0.0%,10,2.7,2.3,1.8,2.7,0.3
2023-05-03 21:14:32.044651,52.253.119.179,512,4.|--,172.16.201.180,0.0%,10,3.9,4.6,3.2,13.7,3.2
2023-05-03 21:14:32.044651,52.253.119.179,512,5.|--,172.18.9.4,0.0%,10,3.4,3.9,3.4,4.6,0.4
2023-05-03 21:14:32.044651,52.253.119.179,512,6.|--,172.18.9.6,0.0%,10,4.3,4.1,3.5,4.6,0.3
2023-05-03 21:14:32.044651,52.253.119.179,512,7.|--,67.73.160.1,0.0%,10,3.1,3.7,3.0,5.0,0.6
2023-05-03 21:14:32.044651,52.253.119.179,512,8.|--,4.69.219.142,10.0%,10,73.5,77.8,72.3,96.6,9.4
2023-05-03 21:14:32.044651,52.253.119.179,512,9.|--,4.68.62.2,0.0%,10,75.9,65.2,63.1,75.9,4.1
2023-05-03 21:14:32.044651,52.253.119.179,512,10.|--,104.44.230.39,0.0%,10,63.7,65.3,63.1,77.9,4.6
2023-05-03 21:14:32.044651,52.253.119.179,512,11.|--,104.44.33.169,0.0%,10,214.9,214.9,214.3,215.6,0.3
2023-05-03 21:14:32.044651,52.253.119.179,512,12.|--,104.44.28.74,0.0%,10,215.4,216.4,214.5,224.5,3.2
2023-05-03 21:14:32.044651,52.253.119.179,512,13.|--,104.44.17.73,0.0%,10,342.1,257.6,212.7,342.1,48.3
2023-05-03 21:14:32.044651,52.253.119.179,512,14.|--,104.44.18.172,0.0%,10,214.8,214.5,214.0,215.2,0.4
2023-05-03 21:14:32.044651,52.253.119.179,512,15.|--,104.44.16.86,0.0%,10,214.9,214.6,214.3,214.9,0.2
2023-05-03 21:14:32.044651,52.253.119.179,512,16.|--,104.44.7.21,0.0%,10,213.8,213.5,213.1,214.4,0.3
2023-05-03 21:14:32.044651,52.253.119.179,512,17.|--,104.44.20.28,0.0%,10,219.3,214.6,212.5,219.3,2.2
2023-05-03 21:14:32.044651,52.253.119.179,512,18.|--,???,100.0,10,0.0,0.0,0.0,0.0,0.0

2023-05-03 21:14:32.044651,52.253.119.179,1024,HOST:,endeavour,Loss%,Snt,Last,Avg,Best,Wrst,StDev
2023-05-03 21:14:32.044651,52.253.119.179,1024,1.|--,192.168.0.1,0.0%,10,1.4,1.3,1.1,1.4,0.1
2023-05-03 21:14:32.044651,52.253.119.179,1024,2.|--,10.248.0.2,0.0%,10,1.9,2.4,1.9,2.8,0.3
2023-05-03 21:14:32.044651,52.253.119.179,1024,3.|--,45.71.39.254,0.0%,10,2.5,2.4,2.0,2.8,0.3
2023-05-03 21:14:32.044651,52.253.119.179,1024,4.|--,172.16.201.180,0.0%,10,3.3,4.6,3.0,14.0,3.3
2023-05-03 21:14:32.044651,52.253.119.179,1024,5.|--,172.18.9.4,0.0%,10,3.9,4.0,3.3,4.7,0.4
2023-05-03 21:14:32.044651,52.253.119.179,1024,6.|--,172.18.9.6,0.0%,10,3.8,4.2,3.6,6.3,0.8
2023-05-03 21:14:32.044651,52.253.119.179,1024,7.|--,67.73.160.1,0.0%,10,17.4,6.3,3.2,17.4,4.9
2023-05-03 21:14:32.044651,52.253.119.179,1024,8.|--,4.69.219.142,10.0%,10,73.0,74.0,72.4,76.3,1.4
2023-05-03 21:14:32.044651,52.253.119.179,1024,9.|--,4.68.62.2,0.0%,10,63.3,63.3,62.9,63.6,0.2
2023-05-03 21:14:32.044651,52.253.119.179,1024,10.|--,104.44.230.39,0.0%,10,63.2,63.8,62.8,65.8,1.1
2023-05-03 21:14:32.044651,52.253.119.179,1024,11.|--,104.44.33.169,0.0%,10,215.0,215.1,214.3,216.0,0.5
2023-05-03 21:14:32.044651,52.253.119.179,1024,12.|--,104.44.28.74,0.0%,10,214.9,216.0,214.7,220.8,1.9
2023-05-03 21:14:32.044651,52.253.119.179,1024,13.|--,104.44.17.73,0.0%,10,213.3,213.5,212.7,214.9,0.6
2023-05-03 21:14:32.044651,52.253.119.179,1024,14.|--,104.44.18.172,0.0%,10,224.8,216.6,213.9,224.8,3.8
2023-05-03 21:14:32.044651,52.253.119.179,1024,15.|--,104.44.16.86,0.0%,10,215.0,214.9,214.3,215.2,0.3
2023-05-03 21:14:32.044651,52.253.119.179,1024,16.|--,104.44.7.21,0.0%,10,213.0,213.5,212.9,214.4,0.4
2023-05-03 21:14:32.044651,52.253.119.179,1024,17.|--,104.44.20.28,0.0%,10,213.2,213.8,212.4,218.6,1.8
2023-05-03 21:14:32.044651,52.253.119.179,1024,18.|--,???,100.0,10,0.0,0.0,0.0,0.0,0.0

2023-05-03 21:14:32.044651,34.155.23.105,64,HOST:,endeavour,Loss%,Snt,Last,Avg,Best,Wrst,StDev
2023-05-03 21:14:32.044651,34.155.23.105,64,1.|--,192.168.0.1,0.0%,10,1.3,1.2,0.7,1.3,0.2
2023-05-03 21:14:32.044651,34.155.23.105,64,2.|--,10.248.0.2,0.0%,10,1.6,2.0,1.6,2.4,0.3
2023-05-03 21:14:32.044651,34.155.23.105,64,3.|--,45.71.39.254,0.0%,10,2.4,2.2,1.8,2.7,0.3
2023-05-03 21:14:32.044651,34.155.23.105,64,4.|--,172.16.201.180,0.0%,10,3.4,4.2,3.0,10.1,2.1
2023-05-03 21:14:32.044651,34.155.23.105,64,5.|--,172.18.9.4,0.0%,10,3.5,3.8,3.2,4.4,0.4
2023-05-03 21:14:32.044651,34.155.23.105,64,6.|--,172.18.9.6,0.0%,10,4.3,4.0,3.4,4.6,0.4
2023-05-03 21:14:32.044651,34.155.23.105,64,7.|--,142.250.167.108,0.0%,10,17.8,17.6,17.0,17.8,0.2
2023-05-03 21:14:32.044651,34.155.23.105,64,8.|--,34.155.23.105,0.0%,10,172.7,172.6,172.0,173.2,0.4

2023-05-03 21:14:32.044651,34.155.23.105,128,HOST:,endeavour,Loss%,Snt,Last,Avg,Best,Wrst,StDev
2023-05-03 21:14:32.044651,34.155.23.105,128,1.|--,192.168.0.1,0.0%,10,1.3,1.3,1.1,1.3,0.1
2023-05-03 21:14:32.044651,34.155.23.105,128,2.|--,10.248.0.2,0.0%,10,1.7,2.1,1.7,2.7,0.3
2023-05-03 21:14:32.044651,34.155.23.105,128,3.|--,45.71.39.254,0.0%,10,2.5,2.3,1.8,2.7,0.3
2023-05-03 21:14:32.044651,34.155.23.105,128,4.|--,172.16.201.180,0.0%,10,3.8,3.8,3.1,4.6,0.5
2023-05-03 21:14:32.044651,34.155.23.105,128,5.|--,172.18.9.4,0.0%,10,3.8,4.0,3.3,5.5,0.7
2023-05-03 21:14:32.044651,34.155.23.105,128,6.|--,172.18.9.6,0.0%,10,3.7,4.0,3.6,4.4,0.3
2023-05-03 21:14:32.044651,34.155.23.105,128,7.|--,142.250.167.108,0.0%,10,17.9,17.8,17.3,18.5,0.3
2023-05-03 21:14:32.044651,34.155.23.105,128,8.|--,34.155.23.105,0.0%,10,164.8,164.9,164.2,166.1,0.5

2023-05-03 21:14:32.044651,34.155.23.105,256,HOST:,endeavour,Loss%,Snt,Last,Avg,Best,Wrst,StDev
2023-05-03 21:14:32.044651,34.155.23.105,256,1.|--,192.168.0.1,0.0%,10,1.3,1.3,1.0,1.4,0.1
2023-05-03 21:14:32.044651,34.155.23.105,256,2.|--,10.248.0.2,0.0%,10,2.2,2.2,1.7,2.8,0.4
2023-05-03 21:14:32.044651,34.155.23.105,256,3.|--,45.71.39.254,0.0%,10,2.0,2.2,1.7,2.7,0.3
2023-05-03 21:14:32.044651,34.155.23.105,256,4.|--,172.16.201.180,0.0%,10,3.3,3.5,3.0,4.0,0.3
2023-05-03 21:14:32.044651,34.155.23.105,256,5.|--,172.18.9.4,0.0%,10,4.5,4.0,3.5,4.5,0.4
2023-05-03 21:14:32.044651,34.155.23.105,256,6.|--,172.18.9.6,0.0%,10,4.0,4.0,3.4,4.6,0.4
2023-05-03 21:14:32.044651,34.155.23.105,256,7.|--,142.250.167.108,0.0%,10,17.5,17.7,17.1,18.6,0.5
2023-05-03 21:14:32.044651,34.155.23.105,256,8.|--,34.155.23.105,0.0%,10,172.3,172.8,172.1,174.2,0.6

2023-05-03 21:14:32.044651,34.155.23.105,512,HOST:,endeavour,Loss%,Snt,Last,Avg,Best,Wrst,StDev
2023-05-03 21:14:32.044651,34.155.23.105,512,1.|--,192.168.0.1,0.0%,10,1.2,1.3,1.1,1.4,0.1
2023-05-03 21:14:32.044651,34.155.23.105,512,2.|--,10.248.0.2,0.0%,10,2.1,2.3,1.7,2.7,0.3
2023-05-03 21:14:32.044651,34.155.23.105,512,3.|--,45.71.39.254,0.0%,10,2.2,3.3,1.5,9.5,2.3
2023-05-03 21:14:32.044651,34.155.23.105,512,4.|--,172.16.201.180,0.0%,10,3.4,4.0,3.3,5.9,0.8
2023-05-03 21:14:32.044651,34.155.23.105,512,5.|--,172.18.9.4,0.0%,10,4.2,4.0,3.5,4.3,0.3
2023-05-03 21:14:32.044651,34.155.23.105,512,6.|--,172.18.9.6,0.0%,10,4.1,4.0,3.4,4.5,0.3
2023-05-03 21:14:32.044651,34.155.23.105,512,7.|--,142.250.167.108,0.0%,10,17.6,17.8,17.3,19.7,0.7
2023-05-03 21:14:32.044651,34.155.23.105,512,8.|--,34.155.23.105,0.0%,10,178.8,179.1,178.6,180.0,0.4

2023-05-03 21:14:32.044651,34.155.23.105,1024,HOST:,endeavour,Loss%,Snt,Last,Avg,Best,Wrst,StDev
2023-05-03 21:14:32.044651,34.155.23.105,1024,1.|--,192.168.0.1,0.0%,10,1.4,1.3,1.1,1.4,0.1
2023-05-03 21:14:32.044651,34.155.23.105,1024,2.|--,10.248.0.2,0.0%,10,2.0,2.3,1.8,3.4,0.5
2023-05-03 21:14:32.044651,34.155.23.105,1024,3.|--,45.71.39.254,0.0%,10,12.7,3.8,1.8,12.7,3.6
2023-05-03 21:14:32.044651,34.155.23.105,1024,4.|--,172.16.201.180,0.0%,10,3.9,3.7,2.7,4.3,0.4
2023-05-03 21:14:32.044651,34.155.23.105,1024,5.|--,172.18.9.4,0.0%,10,3.8,3.9,3.2,4.6,0.4
2023-05-03 21:14:32.044651,34.155.23.105,1024,6.|--,172.18.9.6,0.0%,10,3.9,4.1,3.5,4.9,0.4
2023-05-03 21:14:32.044651,34.155.23.105,1024,7.|--,142.250.167.108,0.0%,10,17.5,17.8,17.3,18.5,0.4
2023-05-03 21:14:32.044651,34.155.23.105,1024,8.|--,34.155.23.105,0.0%,10,169.4,167.7,167.0,169.4,0.7

2023-05-03 21:14:32.044651,20.164.37.45,64,HOST:,endeavour,Loss%,Snt,Last,Avg,Best,Wrst,StDev
2023-05-03 21:14:32.044651,20.164.37.45,64,1.|--,192.168.0.1,0.0%,10,0.7,1.1,0.7,1.3,0.2
2023-05-03 21:14:32.044651,20.164.37.45,64,2.|--,10.248.0.2,0.0%,10,2.1,2.2,1.6,2.6,0.3
2023-05-03 21:14:32.044651,20.164.37.45,64,3.|--,45.71.39.254,0.0%,10,1.9,2.1,1.8,2.6,0.3
2023-05-03 21:14:32.044651,20.164.37.45,64,4.|--,172.16.201.180,0.0%,10,3.2,3.6,3.1,4.1,0.3
2023-05-03 21:14:32.044651,20.164.37.45,64,5.|--,172.18.9.4,0.0%,10,3.8,4.4,3.6,8.7,1.5
2023-05-03 21:14:32.044651,20.164.37.45,64,6.|--,172.18.9.6,0.0%,10,3.5,3.8,3.4,4.6,0.4
2023-05-03 21:14:32.044651,20.164.37.45,64,7.|--,67.73.160.1,0.0%,10,3.5,7.2,3.3,13.7,4.5
2023-05-03 21:14:32.044651,20.164.37.45,64,8.|--,200.189.207.210,0.0%,10,18.8,21.5,18.2,38.5,6.6
2023-05-03 21:14:32.044651,20.164.37.45,64,9.|--,4.68.68.86,0.0%,10,19.1,22.0,17.8,38.1,7.2
2023-05-03 21:14:32.044651,20.164.37.45,64,10.|--,104.44.235.212,0.0%,10,65.6,61.2,59.6,65.6,1.8
2023-05-03 21:14:32.044651,20.164.37.45,64,11.|--,104.44.33.155,0.0%,10,334.1,334.1,333.8,334.5,0.3
2023-05-03 21:14:32.044651,20.164.37.45,64,12.|--,104.44.19.15,10.0%,10,334.0,334.4,333.7,336.7,0.9
2023-05-03 21:14:32.044651,20.164.37.45,64,13.|--,104.44.16.47,50.0%,10,335.1,334.5,333.8,335.1,0.5
2023-05-03 21:14:32.044651,20.164.37.45,64,14.|--,104.44.29.8,0.0%,10,333.9,334.4,333.9,334.9,0.4
2023-05-03 21:14:32.044651,20.164.37.45,64,15.|--,104.44.29.144,0.0%,10,334.1,334.1,333.5,334.6,0.3
2023-05-03 21:14:32.044651,20.164.37.45,64,16.|--,104.44.29.233,0.0%,10,334.8,334.5,333.9,335.1,0.4
2023-05-03 21:14:32.044651,20.164.37.45,64,17.|--,104.44.29.152,0.0%,10,334.5,334.2,333.8,335.1,0.4
2023-05-03 21:14:32.044651,20.164.37.45,64,18.|--,104.44.29.167,0.0%,10,334.2,334.2,333.8,335.0,0.4
2023-05-03 21:14:32.044651,20.164.37.45,64,19.|--,104.44.30.33,0.0%,10,334.3,333.9,333.5,334.3,0.3
2023-05-03 21:14:32.044651,20.164.37.45,64,20.|--,104.44.20.64,0.0%,10,334.6,333.0,331.8,334.6,0.9
2023-05-03 21:14:32.044651,20.164.37.45,64,21.|--,???,100.0,10,0.0,0.0,0.0,0.0,0.0

2023-05-03 21:14:32.044651,20.164.37.45,128,HOST:,endeavour,Loss%,Snt,Last,Avg,Best,Wrst,StDev
2023-05-03 21:14:32.044651,20.164.37.45,128,1.|--,192.168.0.1,0.0%,10,1.2,1.2,0.7,1.3,0.2
2023-05-03 21:14:32.044651,20.164.37.45,128,2.|--,10.248.0.2,0.0%,10,1.8,2.0,1.6,2.5,0.3
2023-05-03 21:14:32.044651,20.164.37.45,128,3.|--,45.71.39.254,0.0%,10,2.3,2.0,1.7,2.6,0.3
2023-05-03 21:14:32.044651,20.164.37.45,128,4.|--,172.16.201.180,0.0%,10,3.1,3.6,3.0,4.2,0.4
2023-05-03 21:14:32.044651,20.164.37.45,128,5.|--,172.18.9.4,0.0%,10,4.1,3.9,3.4,4.5,0.3
2023-05-03 21:14:32.044651,20.164.37.45,128,6.|--,172.18.9.6,0.0%,10,3.9,5.1,3.6,13.0,2.9
2023-05-03 21:14:32.044651,20.164.37.45,128,7.|--,67.73.160.1,0.0%,10,4.6,5.1,3.1,12.6,3.3
2023-05-03 21:14:32.044651,20.164.37.45,128,8.|--,200.189.207.210,0.0%,10,18.4,19.2,18.2,23.6,1.6
2023-05-03 21:14:32.044651,20.164.37.45,128,9.|--,4.68.68.86,0.0%,10,18.2,18.1,17.6,18.5,0.3
2023-05-03 21:14:32.044651,20.164.37.45,128,10.|--,104.44.235.212,0.0%,10,60.6,61.6,59.4,65.8,2.0
2023-05-03 21:14:32.044651,20.164.37.45,128,11.|--,104.44.33.155,0.0%,10,333.8,340.4,333.7,396.5,19.7
2023-05-03 21:14:32.044651,20.164.37.45,128,12.|--,104.44.19.15,10.0%,10,335.0,334.2,333.5,335.0,0.4
2023-05-03 21:14:32.044651,20.164.37.45,128,13.|--,104.44.16.47,60.0%,10,334.3,334.4,334.2,334.6,0.2
2023-05-03 21:14:32.044651,20.164.37.45,128,14.|--,104.44.29.8,0.0%,10,335.5,334.7,333.7,336.6,0.9
2023-05-03 21:14:32.044651,20.164.37.45,128,15.|--,104.44.29.144,0.0%,10,333.8,334.0,333.6,334.4,0.3
2023-05-03 21:14:32.044651,20.164.37.45,128,16.|--,104.44.29.233,0.0%,10,334.3,334.3,333.9,334.8,0.3
2023-05-03 21:14:32.044651,20.164.37.45,128,17.|--,104.44.29.152,0.0%,10,334.8,334.5,334.1,334.9,0.3
2023-05-03 21:14:32.044651,20.164.37.45,128,18.|--,104.44.29.167,0.0%,10,334.1,333.8,333.3,334.1,0.2
2023-05-03 21:14:32.044651,20.164.37.45,128,19.|--,104.44.30.33,0.0%,10,333.5,334.1,333.5,335.2,0.5
2023-05-03 21:14:32.044651,20.164.37.45,128,20.|--,104.44.20.64,0.0%,10,332.6,333.6,331.7,344.5,3.9
2023-05-03 21:14:32.044651,20.164.37.45,128,21.|--,???,100.0,10,0.0,0.0,0.0,0.0,0.0

2023-05-03 21:14:32.044651,20.164.37.45,256,HOST:,endeavour,Loss%,Snt,Last,Avg,Best,Wrst,StDev
2023-05-03 21:14:32.044651,20.164.37.45,256,1.|--,192.168.0.1,0.0%,10,1.3,1.1,0.7,1.3,0.2
2023-05-03 21:14:32.044651,20.164.37.45,256,2.|--,10.248.0.2,0.0%,10,1.9,2.0,1.7,2.6,0.3
2023-05-03 21:14:32.044651,20.164.37.45,256,3.|--,45.71.39.254,0.0%,10,2.4,2.2,1.7,2.7,0.3
2023-05-03 21:14:32.044651,20.164.37.45,256,4.|--,172.16.201.180,0.0%,10,3.3,3.5,3.0,4.2,0.4
2023-05-03 21:14:32.044651,20.164.37.45,256,5.|--,172.18.9.4,0.0%,10,4.4,3.8,3.3,4.4,0.4
2023-05-03 21:14:32.044651,20.164.37.45,256,6.|--,172.18.9.6,0.0%,10,3.5,3.9,3.5,4.4,0.3
2023-05-03 21:14:32.044651,20.164.37.45,256,7.|--,67.73.160.1,0.0%,10,3.9,8.3,3.0,44.2,12.7
2023-05-03 21:14:32.044651,20.164.37.45,256,8.|--,200.189.207.210,0.0%,10,18.3,22.7,18.3,35.0,5.8
2023-05-03 21:14:32.044651,20.164.37.45,256,9.|--,4.68.68.86,0.0%,10,26.3,21.6,17.9,27.6,3.9
2023-05-03 21:14:32.044651,20.164.37.45,256,10.|--,104.44.235.212,0.0%,10,63.7,61.0,59.3,63.7,1.5
2023-05-03 21:14:32.044651,20.164.37.45,256,11.|--,104.44.33.155,0.0%,10,334.2,336.7,333.7,360.1,8.2
2023-05-03 21:14:32.044651,20.164.37.45,256,12.|--,104.44.19.15,0.0%,10,333.8,334.2,333.8,334.8,0.3
2023-05-03 21:14:32.044651,20.164.37.45,256,13.|--,104.44.16.47,70.0%,10,333.8,334.0,333.7,334.6,0.5
2023-05-03 21:14:32.044651,20.164.37.45,256,14.|--,104.44.29.8,0.0%,10,334.9,334.5,333.9,334.9,0.3
2023-05-03 21:14:32.044651,20.164.37.45,256,15.|--,104.44.29.144,0.0%,10,334.3,334.3,333.7,335.5,0.6
2023-05-03 21:14:32.044651,20.164.37.45,256,16.|--,104.44.29.233,0.0%,10,334.7,334.5,334.2,334.8,0.2
2023-05-03 21:14:32.044651,20.164.37.45,256,17.|--,104.44.29.152,0.0%,10,333.8,334.4,333.8,336.2,0.7
2023-05-03 21:14:32.044651,20.164.37.45,256,18.|--,104.44.29.167,0.0%,10,334.2,334.1,333.4,334.4,0.3
2023-05-03 21:14:32.044651,20.164.37.45,256,19.|--,104.44.30.33,0.0%,10,333.5,334.2,333.5,334.6,0.3
2023-05-03 21:14:32.044651,20.164.37.45,256,20.|--,104.44.20.64,0.0%,10,332.7,332.5,331.9,333.3,0.4
2023-05-03 21:14:32.044651,20.164.37.45,256,21.|--,???,100.0,10,0.0,0.0,0.0,0.0,0.0

2023-05-03 21:14:32.044651,20.164.37.45,512,HOST:,endeavour,Loss%,Snt,Last,Avg,Best,Wrst,StDev
2023-05-03 21:14:32.044651,20.164.37.45,512,1.|--,192.168.0.1,0.0%,10,1.3,1.3,1.1,1.4,0.1
2023-05-03 21:14:32.044651,20.164.37.45,512,2.|--,10.248.0.2,0.0%,10,2.5,2.2,1.7,2.7,0.3
2023-05-03 21:14:32.044651,20.164.37.45,512,3.|--,45.71.39.254,0.0%,10,2.2,3.3,1.6,13.3,3.5
2023-05-03 21:14:32.044651,20.164.37.45,512,4.|--,172.16.201.180,0.0%,10,4.0,3.8,3.2,4.4,0.4
2023-05-03 21:14:32.044651,20.164.37.45,512,5.|--,172.18.9.4,0.0%,10,3.5,3.9,3.4,5.7,0.7
2023-05-03 21:14:32.044651,20.164.37.45,512,6.|--,172.18.9.6,0.0%,10,3.5,4.2,3.5,5.4,0.6
2023-05-03 21:14:32.044651,20.164.37.45,512,7.|--,67.73.160.1,0.0%,10,4.9,3.9,3.1,4.9,0.5
2023-05-03 21:14:32.044651,20.164.37.45,512,8.|--,200.189.207.210,0.0%,10,31.2,21.2,18.6,31.2,3.9
2023-05-03 21:14:32.044651,20.164.37.45,512,9.|--,4.68.68.86,0.0%,10,19.4,20.1,18.2,26.4,2.8
2023-05-03 21:14:32.044651,20.164.37.45,512,10.|--,104.44.235.212,0.0%,10,63.1,61.0,59.7,63.1,1.0
2023-05-03 21:14:32.044651,20.164.37.45,512,11.|--,104.44.33.155,0.0%,10,336.9,335.2,334.4,336.9,0.9
2023-05-03 21:14:32.044651,20.164.37.45,512,12.|--,104.44.19.15,0.0%,10,335.9,353.8,334.2,432.4,39.7
2023-05-03 21:14:32.044651,20.164.37.45,512,13.|--,104.44.16.47,60.0%,10,334.0,334.4,334.0,334.9,0.4
2023-05-03 21:14:32.044651,20.164.37.45,512,14.|--,104.44.29.8,0.0%,10,335.0,334.8,334.1,337.1,0.9
2023-05-03 21:14:32.044651,20.164.37.45,512,15.|--,104.44.29.144,0.0%,10,333.7,367.7,333.7,471.9,54.9
2023-05-03 21:14:32.044651,20.164.37.45,512,16.|--,104.44.29.233,0.0%,10,334.3,334.7,334.0,336.5,0.7
2023-05-03 21:14:32.044651,20.164.37.45,512,17.|--,104.44.29.152,0.0%,10,333.7,334.4,333.7,335.1,0.4
2023-05-03 21:14:32.044651,20.164.37.45,512,18.|--,104.44.29.167,0.0%,10,333.9,334.2,333.8,334.8,0.4
2023-05-03 21:14:32.044651,20.164.37.45,512,19.|--,104.44.30.33,0.0%,10,333.7,334.4,333.6,335.1,0.5
2023-05-03 21:14:32.044651,20.164.37.45,512,20.|--,104.44.20.64,0.0%,10,332.5,332.7,332.0,333.4,0.4
2023-05-03 21:14:32.044651,20.164.37.45,512,21.|--,???,100.0,10,0.0,0.0,0.0,0.0,0.0

2023-05-03 21:14:32.044651,20.164.37.45,1024,HOST:,endeavour,Loss%,Snt,Last,Avg,Best,Wrst,StDev
2023-05-03 21:14:32.044651,20.164.37.45,1024,1.|--,192.168.0.1,0.0%,10,1.3,1.3,1.1,1.4,0.1
2023-05-03 21:14:32.044651,20.164.37.45,1024,2.|--,10.248.0.2,0.0%,10,2.2,2.4,1.7,5.3,1.1
2023-05-03 21:14:32.044651,20.164.37.45,1024,3.|--,45.71.39.254,0.0%,10,2.1,2.2,1.8,2.8,0.3
2023-05-03 21:14:32.044651,20.164.37.45,1024,4.|--,172.16.201.180,0.0%,10,3.9,3.5,3.0,3.9,0.3
2023-05-03 21:14:32.044651,20.164.37.45,1024,5.|--,172.18.9.4,0.0%,10,3.5,4.1,3.5,4.4,0.3
2023-05-03 21:14:32.044651,20.164.37.45,1024,6.|--,172.18.9.6,0.0%,10,4.8,6.7,3.4,16.9,4.8
2023-05-03 21:14:32.044651,20.164.37.45,1024,7.|--,67.73.160.1,0.0%,10,3.4,3.6,3.2,3.9,0.3
2023-05-03 21:14:32.044651,20.164.37.45,1024,8.|--,200.189.207.210,0.0%,10,29.1,21.7,18.2,33.9,5.3
2023-05-03 21:14:32.044651,20.164.37.45,1024,9.|--,4.68.68.86,0.0%,10,18.6,23.3,17.9,29.6,4.5
2023-05-03 21:14:32.044651,20.164.37.45,1024,10.|--,104.44.235.212,0.0%,10,62.7,62.1,59.8,74.4,4.4
2023-05-03 21:14:32.044651,20.164.37.45,1024,11.|--,104.44.33.155,0.0%,10,334.4,334.9,334.2,336.0,0.6
2023-05-03 21:14:32.044651,20.164.37.45,1024,12.|--,104.44.19.15,10.0%,10,334.3,334.3,333.7,335.2,0.5
2023-05-03 21:14:32.044651,20.164.37.45,1024,13.|--,104.44.16.47,50.0%,10,334.1,335.3,334.1,338.6,1.9
2023-05-03 21:14:32.044651,20.164.37.45,1024,14.|--,104.44.29.8,0.0%,10,336.9,335.1,334.4,336.9,0.8
2023-05-03 21:14:32.044651,20.164.37.45,1024,15.|--,104.44.29.144,0.0%,10,334.1,338.6,334.0,359.1,8.9
2023-05-03 21:14:32.044651,20.164.37.45,1024,16.|--,104.44.29.233,0.0%,10,334.2,334.5,333.9,335.1,0.4
2023-05-03 21:14:32.044651,20.164.37.45,1024,17.|--,104.44.29.152,0.0%,10,334.9,334.7,333.8,337.0,0.9
2023-05-03 21:14:32.044651,20.164.37.45,1024,18.|--,104.44.29.167,0.0%,10,334.3,334.5,333.9,335.4,0.6
2023-05-03 21:14:32.044651,20.164.37.45,1024,19.|--,104.44.30.33,0.0%,10,334.6,334.2,333.6,335.2,0.5
2023-05-03 21:14:32.044651,20.164.37.45,1024,20.|--,104.44.20.64,0.0%,10,332.6,332.4,331.7,332.9,0.4
2023-05-03 21:14:32.044651,20.164.37.45,1024,21.|--,???,100.0,10,0.0,0.0,0.0,0.0,0.0

2023-05-03 21:14:32.044651,34.84.32.225,64,HOST:,endeavour,Loss%,Snt,Last,Avg,Best,Wrst,StDev
2023-05-03 21:14:32.044651,34.84.32.225,64,1.|--,192.168.0.1,0.0%,10,1.1,1.2,1.0,1.4,0.1
2023-05-03 21:14:32.044651,34.84.32.225,64,2.|--,10.248.0.2,0.0%,10,2.4,2.1,1.7,2.7,0.4
2023-05-03 21:14:32.044651,34.84.32.225,64,3.|--,45.71.39.254,0.0%,10,2.5,2.0,1.7,2.5,0.3
2023-05-03 21:14:32.044651,34.84.32.225,64,4.|--,172.16.201.180,0.0%,10,3.2,5.4,3.0,14.0,3.9
2023-05-03 21:14:32.044651,34.84.32.225,64,5.|--,172.18.9.4,0.0%,10,3.6,3.8,3.3,4.4,0.3
2023-05-03 21:14:32.044651,34.84.32.225,64,6.|--,172.18.9.6,0.0%,10,4.0,3.9,3.5,4.6,0.3
2023-05-03 21:14:32.044651,34.84.32.225,64,7.|--,142.250.167.108,0.0%,10,18.0,17.5,17.2,18.0,0.3
2023-05-03 21:14:32.044651,34.84.32.225,64,8.|--,???,100.0,10,0.0,0.0,0.0,0.0,0.0

2023-05-03 21:14:32.044651,34.84.32.225,128,HOST:,endeavour,Loss%,Snt,Last,Avg,Best,Wrst,StDev
2023-05-03 21:14:32.044651,34.84.32.225,128,1.|--,192.168.0.1,0.0%,10,1.3,2.2,1.1,10.6,2.9
2023-05-03 21:14:32.044651,34.84.32.225,128,2.|--,10.248.0.2,0.0%,10,2.0,2.3,1.7,2.8,0.4
2023-05-03 21:14:32.044651,34.84.32.225,128,3.|--,45.71.39.254,0.0%,10,2.3,2.4,1.9,3.3,0.4
2023-05-03 21:14:32.044651,34.84.32.225,128,4.|--,172.16.201.180,0.0%,10,3.4,3.6,3.3,4.1,0.3
2023-05-03 21:14:32.044651,34.84.32.225,128,5.|--,172.18.9.4,0.0%,10,4.1,4.3,3.4,6.4,0.9
2023-05-03 21:14:32.044651,34.84.32.225,128,6.|--,172.18.9.6,0.0%,10,4.4,4.1,3.5,4.4,0.3
2023-05-03 21:14:32.044651,34.84.32.225,128,7.|--,142.250.167.108,0.0%,10,17.4,17.9,17.4,18.6,0.4
2023-05-03 21:14:32.044651,34.84.32.225,128,8.|--,???,100.0,10,0.0,0.0,0.0,0.0,0.0

2023-05-03 21:14:32.044651,34.84.32.225,256,HOST:,endeavour,Loss%,Snt,Last,Avg,Best,Wrst,StDev
2023-05-03 21:14:32.044651,34.84.32.225,256,1.|--,192.168.0.1,0.0%,10,0.9,1.3,0.9,1.4,0.1
2023-05-03 21:14:32.044651,34.84.32.225,256,2.|--,10.248.0.2,0.0%,10,1.8,2.1,1.7,2.5,0.2
2023-05-03 21:14:32.044651,34.84.32.225,256,3.|--,45.71.39.254,0.0%,10,2.6,2.2,1.6,2.6,0.4
2023-05-03 21:14:32.044651,34.84.32.225,256,4.|--,172.16.201.180,0.0%,10,4.1,3.8,3.2,4.4,0.4
2023-05-03 21:14:32.044651,34.84.32.225,256,5.|--,172.18.9.4,0.0%,10,4.2,4.0,3.4,4.6,0.4
2023-05-03 21:14:32.044651,34.84.32.225,256,6.|--,172.18.9.6,0.0%,10,5.1,4.3,3.8,5.1,0.4
2023-05-03 21:14:32.044651,34.84.32.225,256,7.|--,142.250.167.108,0.0%,10,17.6,17.7,17.5,18.1,0.2
2023-05-03 21:14:32.044651,34.84.32.225,256,8.|--,???,100.0,10,0.0,0.0,0.0,0.0,0.0

2023-05-03 21:14:32.044651,34.84.32.225,512,HOST:,endeavour,Loss%,Snt,Last,Avg,Best,Wrst,StDev
2023-05-03 21:14:32.044651,34.84.32.225,512,1.|--,192.168.0.1,0.0%,10,1.1,1.3,1.0,1.4,0.1
2023-05-03 21:14:32.044651,34.84.32.225,512,2.|--,10.248.0.2,0.0%,10,2.5,2.3,1.9,2.7,0.2
2023-05-03 21:14:32.044651,34.84.32.225,512,3.|--,45.71.39.254,0.0%,10,1.7,2.2,1.7,2.7,0.3
2023-05-03 21:14:32.044651,34.84.32.225,512,4.|--,172.16.201.180,0.0%,10,3.2,3.6,3.2,4.1,0.3
2023-05-03 21:14:32.044651,34.84.32.225,512,5.|--,172.18.9.4,0.0%,10,3.6,4.1,3.3,4.6,0.5
2023-05-03 21:14:32.044651,34.84.32.225,512,6.|--,172.18.9.6,0.0%,10,4.0,3.9,3.6,4.3,0.2
2023-05-03 21:14:32.044651,34.84.32.225,512,7.|--,142.250.167.108,0.0%,10,19.9,18.0,17.4,19.9,0.7
2023-05-03 21:14:32.044651,34.84.32.225,512,8.|--,???,100.0,10,0.0,0.0,0.0,0.0,0.0

2023-05-03 21:14:32.044651,34.84.32.225,1024,HOST:,endeavour,Loss%,Snt,Last,Avg,Best,Wrst,StDev
2023-05-03 21:14:32.044651,34.84.32.225,1024,1.|--,192.168.0.1,0.0%,10,1.4,1.3,1.1,1.4,0.1
2023-05-03 21:14:32.044651,34.84.32.225,1024,2.|--,10.248.0.2,0.0%,10,2.0,2.5,1.8,4.5,0.8
2023-05-03 21:14:32.044651,34.84.32.225,1024,3.|--,45.71.39.254,0.0%,10,2.8,2.6,2.1,2.9,0.3
2023-05-03 21:14:32.044651,34.84.32.225,1024,4.|--,172.16.201.180,0.0%,10,5.8,3.8,3.0,5.8,0.8
2023-05-03 21:14:32.044651,34.84.32.225,1024,5.|--,172.18.9.4,0.0%,10,3.9,4.1,3.5,4.9,0.5
2023-05-03 21:14:32.044651,34.84.32.225,1024,6.|--,172.18.9.6,0.0%,10,3.8,4.3,3.6,6.7,0.9
2023-05-03 21:14:32.044651,34.84.32.225,1024,7.|--,142.250.167.108,0.0%,10,17.6,17.9,17.4,18.2,0.2
2023-05-03 21:14:32.044651,34.84.32.225,1024,8.|--,???,100.0,10,0.0,0.0,0.0,0.0,0.0

2023-05-03 21:14:32.044651,20.206.136.251,64,HOST:,endeavour,Loss%,Snt,Last,Avg,Best,Wrst,StDev
2023-05-03 21:14:32.044651,20.206.136.251,64,1.|--,192.168.0.1,0.0%,10,0.8,1.2,0.8,1.4,0.2
2023-05-03 21:14:32.044651,20.206.136.251,64,2.|--,10.248.0.2,0.0%,10,2.1,2.2,1.7,2.6,0.4
2023-05-03 21:14:32.044651,20.206.136.251,64,3.|--,45.71.39.254,0.0%,10,2.7,2.3,1.7,2.7,0.3
2023-05-03 21:14:32.044651,20.206.136.251,64,4.|--,172.16.201.180,0.0%,10,3.7,3.5,3.1,4.0,0.4
2023-05-03 21:14:32.044651,20.206.136.251,64,5.|--,172.18.9.4,0.0%,10,3.8,3.9,3.5,4.4,0.3
2023-05-03 21:14:32.044651,20.206.136.251,64,6.|--,172.18.9.6,0.0%,10,4.3,4.1,3.5,4.6,0.4
2023-05-03 21:14:32.044651,20.206.136.251,64,7.|--,67.73.160.1,0.0%,10,4.2,5.7,3.2,23.3,6.2
2023-05-03 21:14:32.044651,20.206.136.251,64,8.|--,4.69.219.142,10.0%,10,76.1,73.5,72.6,76.1,1.0
2023-05-03 21:14:32.044651,20.206.136.251,64,9.|--,4.68.62.2,0.0%,10,62.9,63.2,62.6,63.6,0.3
2023-05-03 21:14:32.044651,20.206.136.251,64,10.|--,104.44.230.39,0.0%,10,72.1,64.4,63.1,72.1,2.7
2023-05-03 21:14:32.044651,20.206.136.251,64,11.|--,104.44.33.169,0.0%,10,181.0,181.4,180.8,182.1,0.5
2023-05-03 21:14:32.044651,20.206.136.251,64,12.|--,104.44.19.15,10.0%,10,182.2,182.1,181.5,183.5,0.6
2023-05-03 21:14:32.044651,20.206.136.251,64,13.|--,104.44.28.80,0.0%,10,180.8,181.0,180.5,181.6,0.4
2023-05-03 21:14:32.044651,20.206.136.251,64,14.|--,104.44.18.112,0.0%,10,181.6,181.7,181.0,182.7,0.6
2023-05-03 21:14:32.044651,20.206.136.251,64,15.|--,104.44.28.202,0.0%,10,181.7,181.1,180.5,181.7,0.3
2023-05-03 21:14:32.044651,20.206.136.251,64,16.|--,104.44.28.24,0.0%,10,181.2,182.1,181.1,186.9,1.7
2023-05-03 21:14:32.044651,20.206.136.251,64,17.|--,104.44.16.202,0.0%,10,181.4,181.2,180.8,181.5,0.2
2023-05-03 21:14:32.044651,20.206.136.251,64,18.|--,104.44.22.72,0.0%,10,179.3,180.1,178.6,188.5,3.0
2023-05-03 21:14:32.044651,20.206.136.251,64,19.|--,???,100.0,10,0.0,0.0,0.0,0.0,0.0

2023-05-03 21:14:32.044651,20.206.136.251,128,HOST:,endeavour,Loss%,Snt,Last,Avg,Best,Wrst,StDev
2023-05-03 21:14:32.044651,20.206.136.251,128,1.|--,192.168.0.1,0.0%,10,1.3,1.2,0.7,1.4,0.2
2023-05-03 21:14:32.044651,20.206.136.251,128,2.|--,10.248.0.2,0.0%,10,2.6,2.1,1.6,2.6,0.4
2023-05-03 21:14:32.044651,20.206.136.251,128,3.|--,45.71.39.254,0.0%,10,2.0,2.2,1.8,2.6,0.3
2023-05-03 21:14:32.044651,20.206.136.251,128,4.|--,172.16.201.180,0.0%,10,3.5,3.6,3.2,4.2,0.3
2023-05-03 21:14:32.044651,20.206.136.251,128,5.|--,172.18.9.4,0.0%,10,3.7,3.9,3.3,4.8,0.5
2023-05-03 21:14:32.044651,20.206.136.251,128,6.|--,172.18.9.6,0.0%,10,4.5,4.1,3.3,4.6,0.4
2023-05-03 21:14:32.044651,20.206.136.251,128,7.|--,67.73.160.1,0.0%,10,5.1,4.0,3.3,5.1,0.6
2023-05-03 21:14:32.044651,20.206.136.251,128,8.|--,4.69.219.142,0.0%,10,72.7,76.1,72.4,94.7,6.7
2023-05-03 21:14:32.044651,20.206.136.251,128,9.|--,4.68.62.2,0.0%,10,63.7,63.4,62.8,64.3,0.4
2023-05-03 21:14:32.044651,20.206.136.251,128,10.|--,104.44.230.39,0.0%,10,63.0,64.1,62.7,73.1,3.1
2023-05-03 21:14:32.044651,20.206.136.251,128,11.|--,104.44.33.169,0.0%,10,181.8,181.4,180.8,182.5,0.5
2023-05-03 21:14:32.044651,20.206.136.251,128,12.|--,104.44.19.15,0.0%,10,182.4,182.1,181.2,183.0,0.5
2023-05-03 21:14:32.044651,20.206.136.251,128,13.|--,104.44.28.80,0.0%,10,181.7,181.5,180.8,181.9,0.4
2023-05-03 21:14:32.044651,20.206.136.251,128,14.|--,104.44.18.112,0.0%,10,181.8,183.5,180.9,191.4,3.6
2023-05-03 21:14:32.044651,20.206.136.251,128,15.|--,104.44.28.202,0.0%,10,181.4,181.3,180.8,183.0,0.6
2023-05-03 21:14:32.044651,20.206.136.251,128,16.|--,104.44.28.24,0.0%,10,181.0,181.4,181.0,182.0,0.4
2023-05-03 21:14:32.044651,20.206.136.251,128,17.|--,104.44.16.202,0.0%,10,181.3,181.5,181.2,181.9,0.2
2023-05-03 21:14:32.044651,20.206.136.251,128,18.|--,104.44.22.72,0.0%,10,179.3,179.5,178.8,180.8,0.6
2023-05-03 21:14:32.044651,20.206.136.251,128,19.|--,???,100.0,10,0.0,0.0,0.0,0.0,0.0

2023-05-03 21:14:32.044651,20.206.136.251,256,HOST:,endeavour,Loss%,Snt,Last,Avg,Best,Wrst,StDev
2023-05-03 21:14:32.044651,20.206.136.251,256,1.|--,192.168.0.1,0.0%,10,1.1,1.2,1.1,1.4,0.1
2023-05-03 21:14:32.044651,20.206.136.251,256,2.|--,10.248.0.2,0.0%,10,1.4,2.1,1.4,2.7,0.5
2023-05-03 21:14:32.044651,20.206.136.251,256,3.|--,45.71.39.254,0.0%,10,2.2,2.4,1.7,4.0,0.6
2023-05-03 21:14:32.044651,20.206.136.251,256,4.|--,172.16.201.180,0.0%,10,3.2,3.7,3.2,4.4,0.4
2023-05-03 21:14:32.044651,20.206.136.251,256,5.|--,172.18.9.4,0.0%,10,4.2,4.1,3.6,4.4,0.3
2023-05-03 21:14:32.044651,20.206.136.251,256,6.|--,172.18.9.6,0.0%,10,3.7,4.0,3.5,4.5,0.3
2023-05-03 21:14:32.044651,20.206.136.251,256,7.|--,67.73.160.1,0.0%,10,3.8,3.7,3.2,5.0,0.5
2023-05-03 21:14:32.044651,20.206.136.251,256,8.|--,4.69.219.142,0.0%,10,72.8,74.7,72.6,87.5,4.5
2023-05-03 21:14:32.044651,20.206.136.251,256,9.|--,4.68.62.2,0.0%,10,63.3,63.6,63.0,64.9,0.6
2023-05-03 21:14:32.044651,20.206.136.251,256,10.|--,104.44.230.39,0.0%,10,64.9,67.5,63.3,98.7,11.0
2023-05-03 21:14:32.044651,20.206.136.251,256,11.|--,104.44.33.169,0.0%,10,181.4,181.7,180.9,184.2,1.0
2023-05-03 21:14:32.044651,20.206.136.251,256,12.|--,104.44.19.15,0.0%,10,181.2,182.0,181.2,183.3,0.6
2023-05-03 21:14:32.044651,20.206.136.251,256,13.|--,104.44.28.80,0.0%,10,188.8,182.5,180.9,188.8,2.5
2023-05-03 21:14:32.044651,20.206.136.251,256,14.|--,104.44.18.112,0.0%,10,182.3,181.5,180.9,182.3,0.4
2023-05-03 21:14:32.044651,20.206.136.251,256,15.|--,104.44.28.202,0.0%,10,181.1,181.2,180.6,182.1,0.4
2023-05-03 21:14:32.044651,20.206.136.251,256,16.|--,104.44.28.24,0.0%,10,181.1,181.4,180.8,182.0,0.4
2023-05-03 21:14:32.044651,20.206.136.251,256,17.|--,104.44.16.202,0.0%,10,181.6,181.3,180.8,181.7,0.3
2023-05-03 21:14:32.044651,20.206.136.251,256,18.|--,104.44.22.72,0.0%,10,179.5,185.4,178.8,222.3,13.2
2023-05-03 21:14:32.044651,20.206.136.251,256,19.|--,???,100.0,10,0.0,0.0,0.0,0.0,0.0

2023-05-03 21:14:32.044651,20.206.136.251,512,HOST:,endeavour,Loss%,Snt,Last,Avg,Best,Wrst,StDev
2023-05-03 21:14:32.044651,20.206.136.251,512,1.|--,192.168.0.1,0.0%,10,1.3,1.3,1.3,1.4,0.0
2023-05-03 21:14:32.044651,20.206.136.251,512,2.|--,10.248.0.2,0.0%,10,2.1,2.4,1.8,3.6,0.5
2023-05-03 21:14:32.044651,20.206.136.251,512,3.|--,45.71.39.254,0.0%,10,2.2,2.4,1.8,3.1,0.4
2023-05-03 21:14:32.044651,20.206.136.251,512,4.|--,172.16.201.180,0.0%,10,3.6,3.7,3.2,4.1,0.3
2023-05-03 21:14:32.044651,20.206.136.251,512,5.|--,172.18.9.4,0.0%,10,4.2,4.0,3.6,4.4,0.3
2023-05-03 21:14:32.044651,20.206.136.251,512,6.|--,172.18.9.6,0.0%,10,3.8,4.8,3.5,11.9,2.5
2023-05-03 21:14:32.044651,20.206.136.251,512,7.|--,67.73.160.1,0.0%,10,3.3,6.1,3.0,18.8,5.5
2023-05-03 21:14:32.044651,20.206.136.251,512,8.|--,4.69.219.142,0.0%,10,73.3,77.5,72.8,108.4,10.9
2023-05-03 21:14:32.044651,20.206.136.251,512,9.|--,4.68.62.2,0.0%,10,63.7,63.9,62.8,66.9,1.4
2023-05-03 21:14:32.044651,20.206.136.251,512,10.|--,104.44.230.39,0.0%,10,62.7,65.1,62.7,77.4,4.5
2023-05-03 21:14:32.044651,20.206.136.251,512,11.|--,104.44.33.169,0.0%,10,181.7,181.4,181.0,181.7,0.3
2023-05-03 21:14:32.044651,20.206.136.251,512,12.|--,104.44.19.15,10.0%,10,181.7,182.0,181.2,182.9,0.5
2023-05-03 21:14:32.044651,20.206.136.251,512,13.|--,104.44.28.80,0.0%,10,180.9,183.6,180.9,191.3,3.7
2023-05-03 21:14:32.044651,20.206.136.251,512,14.|--,104.44.18.112,0.0%,10,182.1,181.9,181.1,183.2,0.6
2023-05-03 21:14:32.044651,20.206.136.251,512,15.|--,104.44.28.202,0.0%,10,180.7,181.4,180.7,182.6,0.6
2023-05-03 21:14:32.044651,20.206.136.251,512,16.|--,104.44.28.24,0.0%,10,182.5,181.6,180.8,182.5,0.5
2023-05-03 21:14:32.044651,20.206.136.251,512,17.|--,104.44.16.202,0.0%,10,183.1,182.8,180.9,191.8,3.2
2023-05-03 21:14:32.044651,20.206.136.251,512,18.|--,104.44.22.72,0.0%,10,179.3,180.5,178.5,192.5,4.2
2023-05-03 21:14:32.044651,20.206.136.251,512,19.|--,???,100.0,10,0.0,0.0,0.0,0.0,0.0

2023-05-03 21:14:32.044651,20.206.136.251,1024,HOST:,endeavour,Loss%,Snt,Last,Avg,Best,Wrst,StDev
2023-05-03 21:14:32.044651,20.206.136.251,1024,1.|--,192.168.0.1,0.0%,10,1.4,1.3,1.2,1.4,0.1
2023-05-03 21:14:32.044651,20.206.136.251,1024,2.|--,10.248.0.2,0.0%,10,2.3,2.7,2.1,4.7,0.8
2023-05-03 21:14:32.044651,20.206.136.251,1024,3.|--,45.71.39.254,0.0%,10,3.0,2.5,1.9,3.2,0.4
2023-05-03 21:14:32.044651,20.206.136.251,1024,4.|--,172.16.201.180,0.0%,10,2.8,3.5,2.8,4.1,0.4
2023-05-03 21:14:32.044651,20.206.136.251,1024,5.|--,172.18.9.4,0.0%,10,5.1,4.1,3.5,5.1,0.5
2023-05-03 21:14:32.044651,20.206.136.251,1024,6.|--,172.18.9.6,0.0%,10,3.8,4.3,3.6,5.8,0.7
2023-05-03 21:14:32.044651,20.206.136.251,1024,7.|--,67.73.160.1,0.0%,10,4.9,3.8,3.1,4.9,0.5
2023-05-03 21:14:32.044651,20.206.136.251,1024,8.|--,4.69.219.142,0.0%,10,73.8,75.3,72.8,89.9,5.2
2023-05-03 21:14:32.044651,20.206.136.251,1024,9.|--,4.68.62.2,0.0%,10,63.4,63.6,62.9,65.1,0.6
2023-05-03 21:14:32.044651,20.206.136.251,1024,10.|--,104.44.230.39,0.0%,10,65.4,64.1,62.5,67.0,1.5
2023-05-03 21:14:32.044651,20.206.136.251,1024,11.|--,104.44.33.169,0.0%,10,184.7,182.4,180.9,184.9,1.4
2023-05-03 21:14:32.044651,20.206.136.251,1024,12.|--,104.44.19.15,10.0%,10,183.0,184.0,181.8,191.4,3.4
2023-05-03 21:14:32.044651,20.206.136.251,1024,13.|--,104.44.28.80,0.0%,10,181.5,181.5,180.8,182.4,0.5
2023-05-03 21:14:32.044651,20.206.136.251,1024,14.|--,104.44.18.112,0.0%,10,181.6,195.2,181.3,289.6,33.7
2023-05-03 21:14:32.044651,20.206.136.251,1024,15.|--,104.44.28.202,0.0%,10,181.3,181.3,180.5,182.9,0.6
2023-05-03 21:14:32.044651,20.206.136.251,1024,16.|--,104.44.28.24,0.0%,10,181.7,182.0,181.4,182.9,0.6
2023-05-03 21:14:32.044651,20.206.136.251,1024,17.|--,104.44.16.202,0.0%,10,184.1,181.7,180.8,184.1,0.9
2023-05-03 21:14:32.044651,20.206.136.251,1024,18.|--,104.44.22.72,0.0%,10,190.0,182.4,178.9,190.0,4.0
2023-05-03 21:14:32.044651,20.206.136.251,1024,19.|--,???,100.0,10,0.0,0.0,0.0,0.0,0.0

2023-05-03 21:14:32.044651,34.94.237.104,64,HOST:,endeavour,Loss%,Snt,Last,Avg,Best,Wrst,StDev
2023-05-03 21:14:32.044651,34.94.237.104,64,1.|--,192.168.0.1,0.0%,10,0.7,0.9,0.7,1.4,0.3
2023-05-03 21:14:32.044651,34.94.237.104,64,2.|--,10.248.0.2,0.0%,10,1.8,2.1,1.7,3.1,0.4
2023-05-03 21:14:32.044651,34.94.237.104,64,3.|--,45.71.39.254,0.0%,10,1.8,2.2,1.8,2.7,0.4
2023-05-03 21:14:32.044651,34.94.237.104,64,4.|--,172.16.201.180,0.0%,10,3.8,3.6,3.0,4.1,0.4
2023-05-03 21:14:32.044651,34.94.237.104,64,5.|--,172.18.9.4,0.0%,10,3.9,5.9,3.7,13.7,3.7
2023-05-03 21:14:32.044651,34.94.237.104,64,6.|--,172.18.9.6,0.0%,10,4.3,4.1,3.6,5.1,0.5
2023-05-03 21:14:32.044651,34.94.237.104,64,7.|--,142.250.167.108,0.0%,10,17.8,17.6,17.1,18.1,0.3
2023-05-03 21:14:32.044651,34.94.237.104,64,8.|--,34.94.237.104,0.0%,10,122.3,123.1,122.3,123.7,0.4

2023-05-03 21:14:32.044651,34.94.237.104,128,HOST:,endeavour,Loss%,Snt,Last,Avg,Best,Wrst,StDev
2023-05-03 21:14:32.044651,34.94.237.104,128,1.|--,192.168.0.1,0.0%,10,1.4,1.3,0.8,1.4,0.2
2023-05-03 21:14:32.044651,34.94.237.104,128,2.|--,10.248.0.2,0.0%,10,2.2,2.2,1.8,2.8,0.3
2023-05-03 21:14:32.044651,34.94.237.104,128,3.|--,45.71.39.254,0.0%,10,2.1,2.2,1.9,2.7,0.3
2023-05-03 21:14:32.044651,34.94.237.104,128,4.|--,172.16.201.180,0.0%,10,3.6,3.7,3.1,5.2,0.6
2023-05-03 21:14:32.044651,34.94.237.104,128,5.|--,172.18.9.4,0.0%,10,3.8,4.1,3.5,5.4,0.6
2023-05-03 21:14:32.044651,34.94.237.104,128,6.|--,172.18.9.6,0.0%,10,4.0,3.9,3.5,4.6,0.3
2023-05-03 21:14:32.044651,34.94.237.104,128,7.|--,142.250.167.108,0.0%,10,17.5,17.8,17.1,18.6,0.4
2023-05-03 21:14:32.044651,34.94.237.104,128,8.|--,34.94.237.104,0.0%,10,136.8,137.2,136.5,138.6,0.6

2023-05-03 21:14:32.044651,34.94.237.104,256,HOST:,endeavour,Loss%,Snt,Last,Avg,Best,Wrst,StDev
2023-05-03 21:14:32.044651,34.94.237.104,256,1.|--,192.168.0.1,0.0%,10,1.0,1.0,0.7,1.4,0.3
2023-05-03 21:14:32.044651,34.94.237.104,256,2.|--,10.248.0.2,0.0%,10,2.3,2.3,1.6,2.8,0.4
2023-05-03 21:14:32.044651,34.94.237.104,256,3.|--,45.71.39.254,0.0%,10,2.3,2.4,2.0,3.6,0.5
2023-05-03 21:14:32.044651,34.94.237.104,256,4.|--,172.16.201.180,0.0%,10,3.3,3.7,3.1,4.9,0.6
2023-05-03 21:14:32.044651,34.94.237.104,256,5.|--,172.18.9.4,0.0%,10,4.1,5.1,3.6,11.9,2.5
2023-05-03 21:14:32.044651,34.94.237.104,256,6.|--,172.18.9.6,0.0%,10,4.0,3.9,3.4,4.5,0.3
2023-05-03 21:14:32.044651,34.94.237.104,256,7.|--,142.250.167.108,0.0%,10,17.3,17.5,17.0,18.0,0.3
2023-05-03 21:14:32.044651,34.94.237.104,256,8.|--,34.94.237.104,0.0%,10,123.0,123.3,122.6,124.8,0.7

2023-05-03 21:14:32.044651,34.94.237.104,512,HOST:,endeavour,Loss%,Snt,Last,Avg,Best,Wrst,StDev
2023-05-03 21:14:32.044651,34.94.237.104,512,1.|--,192.168.0.1,0.0%,10,1.4,1.3,1.1,1.4,0.1
2023-05-03 21:14:32.044651,34.94.237.104,512,2.|--,10.248.0.2,0.0%,10,2.5,2.3,1.6,2.8,0.4
2023-05-03 21:14:32.044651,34.94.237.104,512,3.|--,45.71.39.254,0.0%,10,2.1,2.5,1.8,3.5,0.4
2023-05-03 21:14:32.044651,34.94.237.104,512,4.|--,172.16.201.180,0.0%,10,3.9,3.8,3.2,4.6,0.4
2023-05-03 21:14:32.044651,34.94.237.104,512,5.|--,172.18.9.4,0.0%,10,11.1,4.7,3.6,11.1,2.3
2023-05-03 21:14:32.044651,34.94.237.104,512,6.|--,172.18.9.6,0.0%,10,3.7,3.9,3.5,4.8,0.4
2023-05-03 21:14:32.044651,34.94.237.104,512,7.|--,142.250.167.108,0.0%,10,20.2,17.8,17.0,20.2,0.9
2023-05-03 21:14:32.044651,34.94.237.104,512,8.|--,34.94.237.104,0.0%,10,130.5,130.6,130.0,131.5,0.5

2023-05-03 21:14:32.044651,34.94.237.104,1024,HOST:,endeavour,Loss%,Snt,Last,Avg,Best,Wrst,StDev
2023-05-03 21:14:32.044651,34.94.237.104,1024,1.|--,192.168.0.1,0.0%,10,1.3,1.3,1.1,1.5,0.1
2023-05-03 21:14:32.044651,34.94.237.104,1024,2.|--,10.248.0.2,0.0%,10,1.8,2.4,1.8,3.0,0.4
2023-05-03 21:14:32.044651,34.94.237.104,1024,3.|--,45.71.39.254,0.0%,10,2.7,2.5,2.0,3.1,0.4
2023-05-03 21:14:32.044651,34.94.237.104,1024,4.|--,172.16.201.180,0.0%,10,3.6,4.1,3.3,7.0,1.1
2023-05-03 21:14:32.044651,34.94.237.104,1024,5.|--,172.18.9.4,0.0%,10,3.8,5.2,3.6,13.2,2.9
2023-05-03 21:14:32.044651,34.94.237.104,1024,6.|--,172.18.9.6,0.0%,10,3.9,4.1,3.7,4.8,0.3
2023-05-03 21:14:32.044651,34.94.237.104,1024,7.|--,142.250.167.108,0.0%,10,17.5,18.0,17.5,18.8,0.4
2023-05-03 21:14:32.044651,34.94.237.104,1024,8.|--,34.94.237.104,0.0%,10,138.8,137.6,136.7,139.0,0.9

2023-05-03 21:14:32.044651,20.115.21.116,64,HOST:,endeavour,Loss%,Snt,Last,Avg,Best,Wrst,StDev
2023-05-03 21:14:32.044651,20.115.21.116,64,1.|--,192.168.0.1,0.0%,10,1.3,1.2,0.8,1.3,0.2
2023-05-03 21:14:32.044651,20.115.21.116,64,2.|--,10.248.0.2,0.0%,10,1.7,2.0,1.2,2.6,0.4
2023-05-03 21:14:32.044651,20.115.21.116,64,3.|--,45.71.39.254,0.0%,10,2.6,2.7,1.9,5.2,0.9
2023-05-03 21:14:32.044651,20.115.21.116,64,4.|--,172.16.201.180,0.0%,10,3.3,3.7,2.7,4.1,0.4
2023-05-03 21:14:32.044651,20.115.21.116,64,5.|--,172.18.9.4,0.0%,10,4.7,4.0,3.4,5.2,0.6
2023-05-03 21:14:32.044651,20.115.21.116,64,6.|--,172.18.9.6,0.0%,10,4.3,4.1,3.6,4.7,0.3
2023-05-03 21:14:32.044651,20.115.21.116,64,7.|--,67.73.160.1,0.0%,10,3.9,6.2,3.1,14.9,3.7
2023-05-03 21:14:32.044651,20.115.21.116,64,8.|--,4.69.219.142,10.0%,10,73.1,76.4,72.7,89.2,6.6
2023-05-03 21:14:32.044651,20.115.21.116,64,9.|--,4.68.62.2,0.0%,10,63.6,63.5,62.7,64.0,0.4
2023-05-03 21:14:32.044651,20.115.21.116,64,10.|--,104.44.230.207,0.0%,10,64.7,67.8,62.9,81.3,6.6
2023-05-03 21:14:32.044651,20.115.21.116,64,11.|--,104.44.33.155,0.0%,10,89.1,89.4,88.9,90.0,0.3
2023-05-03 21:14:32.044651,20.115.21.116,64,12.|--,104.44.19.15,20.0%,10,88.9,89.6,88.8,90.0,0.5
2023-05-03 21:14:32.044651,20.115.21.116,64,13.|--,104.44.16.47,30.0%,10,89.5,106.8,89.4,173.9,32.4
2023-05-03 21:14:32.044651,20.115.21.116,64,14.|--,104.44.29.8,10.0%,10,87.9,88.6,87.6,91.3,1.1
2023-05-03 21:14:32.044651,20.115.21.116,64,15.|--,104.44.29.29,0.0%,10,100.0,92.2,89.0,100.0,3.7
2023-05-03 21:14:32.044651,20.115.21.116,64,16.|--,104.44.21.208,0.0%,10,88.9,90.6,88.6,95.3,2.6
2023-05-03 21:14:32.044651,20.115.21.116,64,17.|--,???,100.0,10,0.0,0.0,0.0,0.0,0.0
2023-05-03 21:14:32.044651,20.115.21.116,64,18.|--,???,100.0,10,0.0,0.0,0.0,0.0,0.0
2023-05-03 21:14:32.044651,20.115.21.116,64,19.|--,???,100.0,10,0.0,0.0,0.0,0.0,0.0
2023-05-03 21:14:32.044651,20.115.21.116,64,20.|--,???,100.0,10,0.0,0.0,0.0,0.0,0.0
2023-05-03 21:14:32.044651,20.115.21.116,64,21.|--,???,100.0,10,0.0,0.0,0.0,0.0,0.0
2023-05-03 21:14:32.044651,20.115.21.116,64,22.|--,???,100.0,10,0.0,0.0,0.0,0.0,0.0
2023-05-03 21:14:32.044651,20.115.21.116,64,23.|--,???,100.0,10,0.0,0.0,0.0,0.0,0.0
2023-05-03 21:14:32.044651,20.115.21.116,64,24.|--,???,100.0,10,0.0,0.0,0.0,0.0,0.0
2023-05-03 21:14:32.044651,20.115.21.116,64,25.|--,???,100.0,10,0.0,0.0,0.0,0.0,0.0
2023-05-03 21:14:32.044651,20.115.21.116,64,26.|--,???,100.0,10,0.0,0.0,0.0,0.0,0.0
2023-05-03 21:14:32.044651,20.115.21.116,64,27.|--,???,100.0,10,0.0,0.0,0.0,0.0,0.0
2023-05-03 21:14:32.044651,20.115.21.116,64,28.|--,???,100.0,10,0.0,0.0,0.0,0.0,0.0
2023-05-03 21:14:32.044651,20.115.21.116,64,29.|--,20.115.21.116,0.0%,10,90.2,90.0,89.4,91.2,0.5

2023-05-03 21:14:32.044651,20.115.21.116,128,HOST:,endeavour,Loss%,Snt,Last,Avg,Best,Wrst,StDev
2023-05-03 21:14:32.044651,20.115.21.116,128,1.|--,192.168.0.1,0.0%,10,1.1,1.2,0.8,1.4,0.2
2023-05-03 21:14:32.044651,20.115.21.116,128,2.|--,10.248.0.2,0.0%,10,2.5,2.2,1.6,2.6,0.3
2023-05-03 21:14:32.044651,20.115.21.116,128,3.|--,45.71.39.254,0.0%,10,2.3,2.2,1.7,2.7,0.3
2023-05-03 21:14:32.044651,20.115.21.116,128,4.|--,172.16.201.180,0.0%,10,3.2,3.7,3.1,4.3,0.4
2023-05-03 21:14:32.044651,20.115.21.116,128,5.|--,172.18.9.4,0.0%,10,4.5,3.8,2.7,4.5,0.5
2023-05-03 21:14:32.044651,20.115.21.116,128,6.|--,172.18.9.6,0.0%,10,3.8,4.3,3.4,5.6,0.7
2023-05-03 21:14:32.044651,20.115.21.116,128,7.|--,67.73.160.1,0.0%,10,3.8,5.5,3.0,13.3,3.6
2023-05-03 21:14:32.044651,20.115.21.116,128,8.|--,4.69.219.142,50.0%,10,72.8,74.5,72.8,79.6,2.9
2023-05-03 21:14:32.044651,20.115.21.116,128,9.|--,4.68.62.2,0.0%,10,63.6,63.4,62.8,63.8,0.3
2023-05-03 21:14:32.044651,20.115.21.116,128,10.|--,104.44.230.207,0.0%,10,63.6,65.0,62.6,69.2,2.6
2023-05-03 21:14:32.044651,20.115.21.116,128,11.|--,104.44.33.155,0.0%,10,89.5,89.7,88.9,90.9,0.5
2023-05-03 21:14:32.044651,20.115.21.116,128,12.|--,104.44.19.15,10.0%,10,90.0,89.5,89.0,90.3,0.5
2023-05-03 21:14:32.044651,20.115.21.116,128,13.|--,104.44.16.47,50.0%,10,90.1,91.0,89.4,95.6,2.6
2023-05-03 21:14:32.044651,20.115.21.116,128,14.|--,104.44.29.8,0.0%,10,164.8,103.1,88.0,164.8,24.8
2023-05-03 21:14:32.044651,20.115.21.116,128,15.|--,104.44.29.29,0.0%,10,89.3,90.9,89.1,97.5,2.7
2023-05-03 21:14:32.044651,20.115.21.116,128,16.|--,104.44.21.208,0.0%,10,91.4,91.1,88.6,97.8,3.2
2023-05-03 21:14:32.044651,20.115.21.116,128,17.|--,???,100.0,10,0.0,0.0,0.0,0.0,0.0
2023-05-03 21:14:32.044651,20.115.21.116,128,18.|--,???,100.0,10,0.0,0.0,0.0,0.0,0.0
2023-05-03 21:14:32.044651,20.115.21.116,128,19.|--,???,100.0,10,0.0,0.0,0.0,0.0,0.0
2023-05-03 21:14:32.044651,20.115.21.116,128,20.|--,???,100.0,10,0.0,0.0,0.0,0.0,0.0
2023-05-03 21:14:32.044651,20.115.21.116,128,21.|--,???,100.0,10,0.0,0.0,0.0,0.0,0.0
2023-05-03 21:14:32.044651,20.115.21.116,128,22.|--,???,100.0,10,0.0,0.0,0.0,0.0,0.0
2023-05-03 21:14:32.044651,20.115.21.116,128,23.|--,???,100.0,10,0.0,0.0,0.0,0.0,0.0
2023-05-03 21:14:32.044651,20.115.21.116,128,24.|--,???,100.0,10,0.0,0.0,0.0,0.0,0.0
2023-05-03 21:14:32.044651,20.115.21.116,128,25.|--,???,100.0,10,0.0,0.0,0.0,0.0,0.0
2023-05-03 21:14:32.044651,20.115.21.116,128,26.|--,???,100.0,10,0.0,0.0,0.0,0.0,0.0
2023-05-03 21:14:32.044651,20.115.21.116,128,27.|--,???,100.0,10,0.0,0.0,0.0,0.0,0.0
2023-05-03 21:14:32.044651,20.115.21.116,128,28.|--,???,100.0,10,0.0,0.0,0.0,0.0,0.0
2023-05-03 21:14:32.044651,20.115.21.116,128,29.|--,20.115.21.116,0.0%,10,90.1,89.9,89.4,90.8,0.4

2023-05-03 21:14:32.044651,20.115.21.116,256,HOST:,endeavour,Loss%,Snt,Last,Avg,Best,Wrst,StDev
2023-05-03 21:14:32.044651,20.115.21.116,256,1.|--,192.168.0.1,0.0%,10,1.3,1.2,0.7,1.4,0.2
2023-05-03 21:14:32.044651,20.115.21.116,256,2.|--,10.248.0.2,0.0%,10,3.1,2.2,1.6,3.1,0.4
2023-05-03 21:14:32.044651,20.115.21.116,256,3.|--,45.71.39.254,0.0%,10,2.4,1.9,1.4,2.4,0.3
2023-05-03 21:14:32.044651,20.115.21.116,256,4.|--,172.16.201.180,0.0%,10,3.2,3.6,3.2,4.6,0.4
2023-05-03 21:14:32.044651,20.115.21.116,256,5.|--,172.18.9.4,0.0%,10,3.7,4.1,3.4,6.4,0.8
2023-05-03 21:14:32.044651,20.115.21.116,256,6.|--,172.18.9.6,0.0%,10,4.3,4.3,3.6,5.7,0.7
2023-05-03 21:14:32.044651,20.115.21.116,256,7.|--,67.73.160.1,0.0%,10,3.2,6.0,3.2,18.5,4.8
2023-05-03 21:14:32.044651,20.115.21.116,256,8.|--,4.69.219.142,0.0%,10,73.6,75.4,72.7,84.2,3.5
2023-05-03 21:14:32.044651,20.115.21.116,256,9.|--,4.68.62.2,0.0%,10,77.0,64.8,62.8,77.0,4.3
2023-05-03 21:14:32.044651,20.115.21.116,256,10.|--,104.44.230.207,0.0%,10,62.8,65.9,62.8,74.9,4.4
2023-05-03 21:14:32.044651,20.115.21.116,256,11.|--,104.44.33.155,0.0%,10,89.9,89.8,88.9,90.7,0.5
2023-05-03 21:14:32.044651,20.115.21.116,256,12.|--,104.44.19.15,10.0%,10,90.1,89.8,89.3,90.8,0.5
2023-05-03 21:14:32.044651,20.115.21.116,256,13.|--,104.44.16.47,40.0%,10,89.6,89.9,89.1,90.7,0.6
2023-05-03 21:14:32.044651,20.115.21.116,256,14.|--,104.44.29.8,0.0%,10,89.0,101.7,88.0,218.7,41.1
2023-05-03 21:14:32.044651,20.115.21.116,256,15.|--,104.44.29.29,0.0%,10,88.9,90.0,88.9,91.9,0.9
2023-05-03 21:14:32.044651,20.115.21.116,256,16.|--,104.44.21.208,0.0%,10,97.3,92.1,89.0,97.3,3.2
2023-05-03 21:14:32.044651,20.115.21.116,256,17.|--,???,100.0,10,0.0,0.0,0.0,0.0,0.0
2023-05-03 21:14:32.044651,20.115.21.116,256,18.|--,???,100.0,10,0.0,0.0,0.0,0.0,0.0
2023-05-03 21:14:32.044651,20.115.21.116,256,19.|--,???,100.0,10,0.0,0.0,0.0,0.0,0.0
2023-05-03 21:14:32.044651,20.115.21.116,256,20.|--,???,100.0,10,0.0,0.0,0.0,0.0,0.0
2023-05-03 21:14:32.044651,20.115.21.116,256,21.|--,???,100.0,10,0.0,0.0,0.0,0.0,0.0
2023-05-03 21:14:32.044651,20.115.21.116,256,22.|--,???,100.0,10,0.0,0.0,0.0,0.0,0.0
2023-05-03 21:14:32.044651,20.115.21.116,256,23.|--,???,100.0,10,0.0,0.0,0.0,0.0,0.0
2023-05-03 21:14:32.044651,20.115.21.116,256,24.|--,???,100.0,10,0.0,0.0,0.0,0.0,0.0
2023-05-03 21:14:32.044651,20.115.21.116,256,25.|--,???,100.0,10,0.0,0.0,0.0,0.0,0.0
2023-05-03 21:14:32.044651,20.115.21.116,256,26.|--,???,100.0,10,0.0,0.0,0.0,0.0,0.0
2023-05-03 21:14:32.044651,20.115.21.116,256,27.|--,???,100.0,10,0.0,0.0,0.0,0.0,0.0
2023-05-03 21:14:32.044651,20.115.21.116,256,28.|--,???,100.0,10,0.0,0.0,0.0,0.0,0.0
2023-05-03 21:14:32.044651,20.115.21.116,256,29.|--,20.115.21.116,0.0%,10,90.4,90.0,89.5,90.4,0.4

2023-05-03 21:14:32.044651,20.115.21.116,512,HOST:,endeavour,Loss%,Snt,Last,Avg,Best,Wrst,StDev
2023-05-03 21:14:32.044651,20.115.21.116,512,1.|--,192.168.0.1,0.0%,10,1.3,1.3,1.0,1.4,0.1
2023-05-03 21:14:32.044651,20.115.21.116,512,2.|--,10.248.0.2,0.0%,10,1.8,2.2,1.8,2.7,0.4
2023-05-03 21:14:32.044651,20.115.21.116,512,3.|--,45.71.39.254,0.0%,10,2.1,2.3,1.7,2.9,0.4
2023-05-03 21:14:32.044651,20.115.21.116,512,4.|--,172.16.201.180,0.0%,10,3.7,4.4,3.6,6.0,0.8
2023-05-03 21:14:32.044651,20.115.21.116,512,5.|--,172.18.9.4,0.0%,10,3.4,3.8,3.2,4.6,0.5
2023-05-03 21:14:32.044651,20.115.21.116,512,6.|--,172.18.9.6,0.0%,10,3.8,4.3,3.8,5.3,0.4
2023-05-03 21:14:32.044651,20.115.21.116,512,7.|--,67.73.160.1,0.0%,10,3.2,6.2,3.2,16.6,4.5
2023-05-03 21:14:32.044651,20.115.21.116,512,8.|--,4.69.219.142,0.0%,10,74.5,75.8,72.8,87.6,4.5
2023-05-03 21:14:32.044651,20.115.21.116,512,9.|--,4.68.62.2,0.0%,10,63.5,63.6,63.1,65.8,0.8
2023-05-03 21:14:32.044651,20.115.21.116,512,10.|--,104.44.230.207,0.0%,10,67.4,66.2,63.3,74.3,3.5
2023-05-03 21:14:32.044651,20.115.21.116,512,11.|--,104.44.33.155,0.0%,10,89.8,92.8,89.1,119.5,9.4
2023-05-03 21:14:32.044651,20.115.21.116,512,12.|--,104.44.19.15,0.0%,10,89.6,89.8,89.2,90.9,0.6
2023-05-03 21:14:32.044651,20.115.21.116,512,13.|--,104.44.16.47,70.0%,10,92.9,91.1,90.1,92.9,1.6
2023-05-03 21:14:32.044651,20.115.21.116,512,14.|--,104.44.29.8,0.0%,10,88.1,89.2,88.0,92.1,1.4
2023-05-03 21:14:32.044651,20.115.21.116,512,15.|--,104.44.29.29,0.0%,10,90.1,106.1,89.5,141.8,19.5
2023-05-03 21:14:32.044651,20.115.21.116,512,16.|--,104.44.21.208,0.0%,10,88.8,91.9,88.7,109.4,6.3
2023-05-03 21:14:32.044651,20.115.21.116,512,17.|--,???,100.0,10,0.0,0.0,0.0,0.0,0.0
2023-05-03 21:14:32.044651,20.115.21.116,512,18.|--,???,100.0,10,0.0,0.0,0.0,0.0,0.0
2023-05-03 21:14:32.044651,20.115.21.116,512,19.|--,???,100.0,10,0.0,0.0,0.0,0.0,0.0
2023-05-03 21:14:32.044651,20.115.21.116,512,20.|--,???,100.0,10,0.0,0.0,0.0,0.0,0.0
2023-05-03 21:14:32.044651,20.115.21.116,512,21.|--,???,100.0,10,0.0,0.0,0.0,0.0,0.0
2023-05-03 21:14:32.044651,20.115.21.116,512,22.|--,???,100.0,10,0.0,0.0,0.0,0.0,0.0
2023-05-03 21:14:32.044651,20.115.21.116,512,23.|--,???,100.0,10,0.0,0.0,0.0,0.0,0.0
2023-05-03 21:14:32.044651,20.115.21.116,512,24.|--,???,100.0,10,0.0,0.0,0.0,0.0,0.0
2023-05-03 21:14:32.044651,20.115.21.116,512,25.|--,???,100.0,10,0.0,0.0,0.0,0.0,0.0
2023-05-03 21:14:32.044651,20.115.21.116,512,26.|--,???,100.0,10,0.0,0.0,0.0,0.0,0.0
2023-05-03 21:14:32.044651,20.115.21.116,512,27.|--,???,100.0,10,0.0,0.0,0.0,0.0,0.0
2023-05-03 21:14:32.044651,20.115.21.116,512,28.|--,???,100.0,10,0.0,0.0,0.0,0.0,0.0
2023-05-03 21:14:32.044651,20.115.21.116,512,29.|--,20.115.21.116,0.0%,10,91.0,90.3,89.6,91.0,0.5

2023-05-03 21:14:32.044651,20.115.21.116,1024,HOST:,endeavour,Loss%,Snt,Last,Avg,Best,Wrst,StDev
2023-05-03 21:14:32.044651,20.115.21.116,1024,1.|--,192.168.0.1,0.0%,10,1.4,1.3,1.2,1.4,0.1
2023-05-03 21:14:32.044651,20.115.21.116,1024,2.|--,10.248.0.2,0.0%,10,2.6,2.5,2.0,2.9,0.3
2023-05-03 21:14:32.044651,20.115.21.116,1024,3.|--,45.71.39.254,0.0%,10,2.7,2.3,1.6,3.0,0.5
2023-05-03 21:14:32.044651,20.115.21.116,1024,4.|--,172.16.201.180,0.0%,10,3.7,4.0,3.6,5.2,0.4
2023-05-03 21:14:32.044651,20.115.21.116,1024,5.|--,172.18.9.4,0.0%,10,4.5,4.2,3.7,4.8,0.3
2023-05-03 21:14:32.044651,20.115.21.116,1024,6.|--,172.18.9.6,0.0%,10,3.6,4.1,3.6,7.3,1.1
2023-05-03 21:14:32.044651,20.115.21.116,1024,7.|--,67.73.160.1,0.0%,10,3.7,6.0,3.3,13.9,3.2
2023-05-03 21:14:32.044651,20.115.21.116,1024,8.|--,4.69.219.142,0.0%,10,73.6,77.0,72.8,88.9,5.9
2023-05-03 21:14:32.044651,20.115.21.116,1024,9.|--,4.68.62.2,0.0%,10,63.8,65.9,63.0,88.5,7.9
2023-05-03 21:14:32.044651,20.115.21.116,1024,10.|--,104.44.230.207,0.0%,10,73.6,66.0,63.2,73.6,3.7
2023-05-03 21:14:32.044651,20.115.21.116,1024,11.|--,104.44.33.155,0.0%,10,90.2,93.7,89.4,123.7,10.6
2023-05-03 21:14:32.044651,20.115.21.116,1024,12.|--,104.44.19.15,0.0%,10,89.6,89.8,89.1,91.0,0.6
2023-05-03 21:14:32.044651,20.115.21.116,1024,13.|--,104.44.16.47,80.0%,10,94.3,92.2,90.1,94.3,3.0
2023-05-03 21:14:32.044651,20.115.21.116,1024,14.|--,104.44.29.8,10.0%,10,89.3,89.1,88.5,89.6,0.4
2023-05-03 21:14:32.044651,20.115.21.116,1024,15.|--,104.44.29.29,0.0%,10,90.4,90.1,89.4,92.1,0.8
2023-05-03 21:14:32.044651,20.115.21.116,1024,16.|--,104.44.21.208,0.0%,10,91.6,90.5,88.9,93.9,1.7
2023-05-03 21:14:32.044651,20.115.21.116,1024,17.|--,???,100.0,10,0.0,0.0,0.0,0.0,0.0
2023-05-03 21:14:32.044651,20.115.21.116,1024,18.|--,???,100.0,10,0.0,0.0,0.0,0.0,0.0
2023-05-03 21:14:32.044651,20.115.21.116,1024,19.|--,???,100.0,10,0.0,0.0,0.0,0.0,0.0
2023-05-03 21:14:32.044651,20.115.21.116,1024,20.|--,???,100.0,10,0.0,0.0,0.0,0.0,0.0
2023-05-03 21:14:32.044651,20.115.21.116,1024,21.|--,???,100.0,10,0.0,0.0,0.0,0.0,0.0
2023-05-03 21:14:32.044651,20.115.21.116,1024,22.|--,???,100.0,10,0.0,0.0,0.0,0.0,0.0
2023-05-03 21:14:32.044651,20.115.21.116,1024,23.|--,???,100.0,10,0.0,0.0,0.0,0.0,0.0
2023-05-03 21:14:32.044651,20.115.21.116,1024,24.|--,???,100.0,10,0.0,0.0,0.0,0.0,0.0
2023-05-03 21:14:32.044651,20.115.21.116,1024,25.|--,???,100.0,10,0.0,0.0,0.0,0.0,0.0
2023-05-03 21:14:32.044651,20.115.21.116,1024,26.|--,???,100.0,10,0.0,0.0,0.0,0.0,0.0
2023-05-03 21:14:32.044651,20.115.21.116,1024,27.|--,???,100.0,10,0.0,0.0,0.0,0.0,0.0
2023-05-03 21:14:32.044651,20.115.21.116,1024,28.|--,???,100.0,10,0.0,0.0,0.0,0.0,0.0
2023-05-03 21:14:32.044651,20.115.21.116,1024,29.|--,20.115.21.116,0.0%,10,90.4,90.6,89.6,94.3,1.5

2023-05-03 21:14:32.044651,34.175.240.213,64,HOST:,endeavour,Loss%,Snt,Last,Avg,Best,Wrst,StDev
2023-05-03 21:14:32.044651,34.175.240.213,64,1.|--,192.168.0.1,0.0%,10,1.3,1.2,0.6,1.4,0.2
2023-05-03 21:14:32.044651,34.175.240.213,64,2.|--,10.248.0.2,0.0%,10,2.2,2.3,1.8,2.7,0.3
2023-05-03 21:14:32.044651,34.175.240.213,64,3.|--,45.71.39.254,0.0%,10,2.4,2.1,1.4,2.8,0.4
2023-05-03 21:14:32.044651,34.175.240.213,64,4.|--,172.16.201.180,10.0%,10,3.1,3.5,3.0,4.0,0.3
2023-05-03 21:14:32.044651,34.175.240.213,64,5.|--,172.18.9.4,0.0%,10,4.2,4.1,3.8,4.5,0.2
2023-05-03 21:14:32.044651,34.175.240.213,64,6.|--,172.18.9.6,0.0%,10,4.0,4.0,3.5,4.4,0.3
2023-05-03 21:14:32.044651,34.175.240.213,64,7.|--,142.250.167.108,0.0%,10,17.2,17.8,17.2,19.9,0.8
2023-05-03 21:14:32.044651,34.175.240.213,64,8.|--,34.175.240.213,0.0%,10,172.6,172.8,172.2,173.7,0.4

2023-05-03 21:14:32.044651,34.175.240.213,128,HOST:,endeavour,Loss%,Snt,Last,Avg,Best,Wrst,StDev
2023-05-03 21:14:32.044651,34.175.240.213,128,1.|--,192.168.0.1,0.0%,10,1.4,1.3,1.2,1.4,0.1
2023-05-03 21:14:32.044651,34.175.240.213,128,2.|--,10.248.0.2,0.0%,10,2.5,2.1,1.3,2.6,0.4
2023-05-03 21:14:32.044651,34.175.240.213,128,3.|--,45.71.39.254,0.0%,10,1.7,2.2,1.7,3.0,0.4
2023-05-03 21:14:32.044651,34.175.240.213,128,4.|--,172.16.201.180,0.0%,10,3.7,3.7,3.1,4.1,0.3
2023-05-03 21:14:32.044651,34.175.240.213,128,5.|--,172.18.9.4,0.0%,10,3.9,4.4,3.4,9.5,1.8
2023-05-03 21:14:32.044651,34.175.240.213,128,6.|--,172.18.9.6,0.0%,10,4.5,4.2,3.6,4.8,0.4
2023-05-03 21:14:32.044651,34.175.240.213,128,7.|--,142.250.167.108,0.0%,10,17.2,17.5,17.1,18.1,0.4
2023-05-03 21:14:32.044651,34.175.240.213,128,8.|--,34.175.240.213,0.0%,10,178.6,179.9,177.9,189.2,3.4

2023-05-03 21:14:32.044651,34.175.240.213,256,HOST:,endeavour,Loss%,Snt,Last,Avg,Best,Wrst,StDev
2023-05-03 21:14:32.044651,34.175.240.213,256,1.|--,192.168.0.1,0.0%,10,1.3,1.3,1.2,1.4,0.1
2023-05-03 21:14:32.044651,34.175.240.213,256,2.|--,10.248.0.2,0.0%,10,2.1,2.1,1.7,2.6,0.3
2023-05-03 21:14:32.044651,34.175.240.213,256,3.|--,45.71.39.254,0.0%,10,1.9,2.3,1.9,2.8,0.3
2023-05-03 21:14:32.044651,34.175.240.213,256,4.|--,172.16.201.180,0.0%,10,4.4,4.0,3.2,5.5,0.7
2023-05-03 21:14:32.044651,34.175.240.213,256,5.|--,172.18.9.4,0.0%,10,4.3,4.0,3.6,4.4,0.3
2023-05-03 21:14:32.044651,34.175.240.213,256,6.|--,172.18.9.6,0.0%,10,3.8,4.1,3.6,4.6,0.3
2023-05-03 21:14:32.044651,34.175.240.213,256,7.|--,142.250.167.108,0.0%,10,17.4,17.5,17.0,18.0,0.3
2023-05-03 21:14:32.044651,34.175.240.213,256,8.|--,34.175.240.213,0.0%,10,177.9,178.4,177.9,179.3,0.4

2023-05-03 21:14:32.044651,34.175.240.213,512,HOST:,endeavour,Loss%,Snt,Last,Avg,Best,Wrst,StDev
2023-05-03 21:14:32.044651,34.175.240.213,512,1.|--,192.168.0.1,0.0%,10,1.4,1.3,1.1,1.8,0.2
2023-05-03 21:14:32.044651,34.175.240.213,512,2.|--,10.248.0.2,0.0%,10,1.8,2.3,1.8,2.8,0.4
2023-05-03 21:14:32.044651,34.175.240.213,512,3.|--,45.71.39.254,0.0%,10,1.9,2.3,1.9,2.7,0.3
2023-05-03 21:14:32.044651,34.175.240.213,512,4.|--,172.16.201.180,0.0%,10,4.5,3.6,2.7,4.5,0.5
2023-05-03 21:14:32.044651,34.175.240.213,512,5.|--,172.18.9.4,0.0%,10,4.2,3.9,3.1,4.4,0.5
2023-05-03 21:14:32.044651,34.175.240.213,512,6.|--,172.18.9.6,0.0%,10,3.9,4.2,3.8,4.6,0.3
2023-05-03 21:14:32.044651,34.175.240.213,512,7.|--,142.250.167.108,0.0%,10,17.4,17.7,17.3,18.1,0.3
2023-05-03 21:14:32.044651,34.175.240.213,512,8.|--,34.175.240.213,0.0%,10,173.4,172.9,172.3,173.4,0.3

2023-05-03 21:14:32.044651,34.175.240.213,1024,HOST:,endeavour,Loss%,Snt,Last,Avg,Best,Wrst,StDev
2023-05-03 21:14:32.044651,34.175.240.213,1024,1.|--,192.168.0.1,0.0%,10,1.4,1.3,1.0,1.4,0.2
2023-05-03 21:14:32.044651,34.175.240.213,1024,2.|--,10.248.0.2,0.0%,10,2.2,2.2,1.8,2.7,0.3
2023-05-03 21:14:32.044651,34.175.240.213,1024,3.|--,45.71.39.254,0.0%,10,2.0,2.4,1.9,2.8,0.3
2023-05-03 21:14:32.044651,34.175.240.213,1024,4.|--,172.16.201.180,0.0%,10,4.1,3.9,3.2,5.6,0.7
2023-05-03 21:14:32.044651,34.175.240.213,1024,5.|--,172.18.9.4,0.0%,10,4.0,4.1,3.8,4.7,0.3
2023-05-03 21:14:32.044651,34.175.240.213,1024,6.|--,172.18.9.6,0.0%,10,4.1,4.1,3.6,4.9,0.4
2023-05-03 21:14:32.044651,34.175.240.213,1024,7.|--,142.250.167.108,0.0%,10,17.7,18.0,17.3,19.6,0.7
2023-05-03 21:14:32.044651,34.175.240.213,1024,8.|--,34.175.240.213,0.0%,10,178.0,179.2,178.0,182.9,1.6

2023-05-03 21:14:32.044651,4.231.225.177,64,HOST:,endeavour,Loss%,Snt,Last,Avg,Best,Wrst,StDev
2023-05-03 21:14:32.044651,4.231.225.177,64,1.|--,192.168.0.1,0.0%,10,0.8,1.1,0.7,1.4,0.3
2023-05-03 21:14:32.044651,4.231.225.177,64,2.|--,10.248.0.2,0.0%,10,1.7,2.0,1.7,2.6,0.3
2023-05-03 21:14:32.044651,4.231.225.177,64,3.|--,45.71.39.254,0.0%,10,2.6,2.2,1.8,2.6,0.3
2023-05-03 21:14:32.044651,4.231.225.177,64,4.|--,172.16.201.180,0.0%,10,3.3,3.6,3.0,4.4,0.5
2023-05-03 21:14:32.044651,4.231.225.177,64,5.|--,172.18.9.4,0.0%,10,4.2,3.7,3.2,4.2,0.3
2023-05-03 21:14:32.044651,4.231.225.177,64,6.|--,172.18.9.6,0.0%,10,3.9,3.9,3.6,4.5,0.3
2023-05-03 21:14:32.044651,4.231.225.177,64,7.|--,67.73.160.1,0.0%,10,3.1,3.7,3.1,6.2,0.9
2023-05-03 21:14:32.044651,4.231.225.177,64,8.|--,200.189.207.210,0.0%,10,18.3,20.7,18.3,29.4,3.9
2023-05-03 21:14:32.044651,4.231.225.177,64,9.|--,4.68.68.86,0.0%,10,22.6,19.2,17.5,24.2,2.3
2023-05-03 21:14:32.044651,4.231.225.177,64,10.|--,104.44.235.212,0.0%,10,60.4,60.7,59.7,63.2,1.1
2023-05-03 21:14:32.044651,4.231.225.177,64,11.|--,104.44.33.155,0.0%,10,150.9,151.1,150.4,153.0,0.7
2023-05-03 21:14:32.044651,4.231.225.177,64,12.|--,104.44.19.15,20.0%,10,149.6,149.8,149.0,151.4,0.8
2023-05-03 21:14:32.044651,4.231.225.177,64,13.|--,104.44.16.47,50.0%,10,148.9,149.8,148.9,150.6,0.6
2023-05-03 21:14:32.044651,4.231.225.177,64,14.|--,104.44.29.8,0.0%,10,151.4,150.8,150.4,151.4,0.3
2023-05-03 21:14:32.044651,4.231.225.177,64,15.|--,104.44.29.29,0.0%,10,149.4,149.8,149.0,152.3,0.9
2023-05-03 21:14:32.044651,4.231.225.177,64,16.|--,104.44.16.8,0.0%,10,151.4,151.2,150.4,153.0,0.8
2023-05-03 21:14:32.044651,4.231.225.177,64,17.|--,104.44.17.153,0.0%,10,150.5,152.7,150.5,163.8,4.4
2023-05-03 21:14:32.044651,4.231.225.177,64,18.|--,104.44.7.75,0.0%,10,149.2,149.2,148.7,150.1,0.4
2023-05-03 21:14:32.044651,4.231.225.177,64,19.|--,104.44.11.66,0.0%,10,148.4,150.2,148.3,156.3,2.7
2023-05-03 21:14:32.044651,4.231.225.177,64,20.|--,???,100.0,10,0.0,0.0,0.0,0.0,0.0

2023-05-03 21:14:32.044651,4.231.225.177,128,HOST:,endeavour,Loss%,Snt,Last,Avg,Best,Wrst,StDev
2023-05-03 21:14:32.044651,4.231.225.177,128,1.|--,192.168.0.1,0.0%,10,1.3,1.3,1.0,1.4,0.1
2023-05-03 21:14:32.044651,4.231.225.177,128,2.|--,10.248.0.2,0.0%,10,2.7,2.1,1.7,2.8,0.4
2023-05-03 21:14:32.044651,4.231.225.177,128,3.|--,45.71.39.254,0.0%,10,2.2,2.4,2.0,2.8,0.2
2023-05-03 21:14:32.044651,4.231.225.177,128,4.|--,172.16.201.180,0.0%,10,3.2,3.4,3.1,3.8,0.2
2023-05-03 21:14:32.044651,4.231.225.177,128,5.|--,172.18.9.4,0.0%,10,3.8,3.8,3.2,4.2,0.3
2023-05-03 21:14:32.044651,4.231.225.177,128,6.|--,172.18.9.6,0.0%,10,3.7,3.7,3.5,4.1,0.2
2023-05-03 21:14:32.044651,4.231.225.177,128,7.|--,67.73.160.1,0.0%,10,4.0,5.2,3.2,11.4,2.5
2023-05-03 21:14:32.044651,4.231.225.177,128,8.|--,200.189.207.210,0.0%,10,18.4,20.8,18.3,28.2,3.8
2023-05-03 21:14:32.044651,4.231.225.177,128,9.|--,4.68.68.86,0.0%,10,18.7,20.8,17.9,41.3,7.2
2023-05-03 21:14:32.044651,4.231.225.177,128,10.|--,104.44.235.212,0.0%,10,68.4,70.4,60.3,82.9,7.9
2023-05-03 21:14:32.044651,4.231.225.177,128,11.|--,104.44.33.155,0.0%,10,150.3,150.7,150.3,151.2,0.3
2023-05-03 21:14:32.044651,4.231.225.177,128,12.|--,104.44.19.15,0.0%,10,149.9,149.6,149.0,150.3,0.5
2023-05-03 21:14:32.044651,4.231.225.177,128,13.|--,104.44.16.47,30.0%,10,149.0,149.1,148.9,149.4,0.2
2023-05-03 21:14:32.044651,4.231.225.177,128,14.|--,104.44.29.8,0.0%,10,150.9,150.8,150.4,151.1,0.2
2023-05-03 21:14:32.044651,4.231.225.177,128,15.|--,104.44.29.29,0.0%,10,157.3,151.2,149.3,157.3,2.7
2023-05-03 21:14:32.044651,4.231.225.177,128,16.|--,104.44.16.8,0.0%,10,151.0,151.4,150.6,155.5,1.5
2023-05-03 21:14:32.044651,4.231.225.177,128,17.|--,104.44.17.153,0.0%,10,150.7,150.9,150.5,151.3,0.3
2023-05-03 21:14:32.044651,4.231.225.177,128,18.|--,104.44.7.75,0.0%,10,149.2,150.1,148.6,157.9,2.8
2023-05-03 21:14:32.044651,4.231.225.177,128,19.|--,104.44.11.66,0.0%,10,148.5,162.8,148.5,222.0,21.4
2023-05-03 21:14:32.044651,4.231.225.177,128,20.|--,???,100.0,10,0.0,0.0,0.0,0.0,0.0

2023-05-03 21:14:32.044651,4.231.225.177,256,HOST:,endeavour,Loss%,Snt,Last,Avg,Best,Wrst,StDev
2023-05-03 21:14:32.044651,4.231.225.177,256,1.|--,192.168.0.1,0.0%,10,1.4,2.5,1.0,8.2,2.4
2023-05-03 21:14:32.044651,4.231.225.177,256,2.|--,10.248.0.2,0.0%,10,11.1,3.7,1.8,11.1,3.3
2023-05-03 21:14:32.044651,4.231.225.177,256,3.|--,45.71.39.254,0.0%,10,2.6,2.2,1.8,2.6,0.3
2023-05-03 21:14:32.044651,4.231.225.177,256,4.|--,172.16.201.180,0.0%,10,3.8,3.8,3.3,4.6,0.4
2023-05-03 21:14:32.044651,4.231.225.177,256,5.|--,172.18.9.4,0.0%,10,4.5,4.2,3.4,4.5,0.4
2023-05-03 21:14:32.044651,4.231.225.177,256,6.|--,172.18.9.6,0.0%,10,3.9,3.8,3.6,4.2,0.2
2023-05-03 21:14:32.044651,4.231.225.177,256,7.|--,67.73.160.1,0.0%,10,3.0,6.9,3.0,23.9,7.0
2023-05-03 21:14:32.044651,4.231.225.177,256,8.|--,200.189.207.210,0.0%,10,18.5,23.2,18.3,59.5,12.9
2023-05-03 21:14:32.044651,4.231.225.177,256,9.|--,4.68.68.86,0.0%,10,19.2,21.9,17.7,45.7,8.5
2023-05-03 21:14:32.044651,4.231.225.177,256,10.|--,104.44.235.212,0.0%,10,60.1,60.3,59.6,61.9,0.6
2023-05-03 21:14:32.044651,4.231.225.177,256,11.|--,104.44.33.155,0.0%,10,151.1,150.8,150.2,151.2,0.4
2023-05-03 21:14:32.044651,4.231.225.177,256,12.|--,104.44.19.15,10.0%,10,149.4,149.5,149.3,150.0,0.2
2023-05-03 21:14:32.044651,4.231.225.177,256,13.|--,104.44.16.47,80.0%,10,149.8,150.0,149.8,150.2,0.3
2023-05-03 21:14:32.044651,4.231.225.177,256,14.|--,104.44.29.8,0.0%,10,151.3,151.2,150.6,152.1,0.5
2023-05-03 21:14:32.044651,4.231.225.177,256,15.|--,104.44.29.29,0.0%,10,251.8,197.1,149.1,251.8,40.0
2023-05-03 21:14:32.044651,4.231.225.177,256,16.|--,104.44.16.8,0.0%,10,150.3,151.1,150.3,153.2,0.8
2023-05-03 21:14:32.044651,4.231.225.177,256,17.|--,104.44.17.153,0.0%,10,150.8,150.9,150.2,151.3,0.3
2023-05-03 21:14:32.044651,4.231.225.177,256,18.|--,104.44.7.75,0.0%,10,148.9,160.3,148.8,260.9,35.3
2023-05-03 21:14:32.044651,4.231.225.177,256,19.|--,104.44.11.66,0.0%,10,170.2,151.3,148.3,170.2,6.7
2023-05-03 21:14:32.044651,4.231.225.177,256,20.|--,???,100.0,10,0.0,0.0,0.0,0.0,0.0

2023-05-03 21:14:32.044651,4.231.225.177,512,HOST:,endeavour,Loss%,Snt,Last,Avg,Best,Wrst,StDev
2023-05-03 21:14:32.044651,4.231.225.177,512,1.|--,192.168.0.1,0.0%,10,1.2,1.4,1.2,1.6,0.1
2023-05-03 21:14:32.044651,4.231.225.177,512,2.|--,10.248.0.2,0.0%,10,2.8,2.4,1.8,2.8,0.4
2023-05-03 21:14:32.044651,4.231.225.177,512,3.|--,45.71.39.254,0.0%,10,1.8,2.2,1.8,2.6,0.3
2023-05-03 21:14:32.044651,4.231.225.177,512,4.|--,172.16.201.180,0.0%,10,3.8,3.8,3.5,4.3,0.3
2023-05-03 21:14:32.044651,4.231.225.177,512,5.|--,172.18.9.4,0.0%,10,3.5,3.8,3.4,4.3,0.3
2023-05-03 21:14:32.044651,4.231.225.177,512,6.|--,172.18.9.6,0.0%,10,4.0,4.2,3.6,5.9,0.7
2023-05-03 21:14:32.044651,4.231.225.177,512,7.|--,67.73.160.1,0.0%,10,14.8,5.3,3.0,14.8,3.6
2023-05-03 21:14:32.044651,4.231.225.177,512,8.|--,200.189.207.210,0.0%,10,18.8,21.7,18.1,32.0,5.4
2023-05-03 21:14:32.044651,4.231.225.177,512,9.|--,4.68.68.86,0.0%,10,17.9,19.0,17.9,23.6,1.7
2023-05-03 21:14:32.044651,4.231.225.177,512,10.|--,104.44.235.212,0.0%,10,60.1,60.3,59.6,62.9,1.0
2023-05-03 21:14:32.044651,4.231.225.177,512,11.|--,104.44.33.155,0.0%,10,150.4,150.7,150.3,151.5,0.4
2023-05-03 21:14:32.044651,4.231.225.177,512,12.|--,104.44.19.15,0.0%,10,150.1,151.6,148.8,172.1,7.2
2023-05-03 21:14:32.044651,4.231.225.177,512,13.|--,104.44.16.47,60.0%,10,149.9,149.5,148.7,149.9,0.5
2023-05-03 21:14:32.044651,4.231.225.177,512,14.|--,104.44.29.8,0.0%,10,150.7,150.9,150.5,151.6,0.4
2023-05-03 21:14:32.044651,4.231.225.177,512,15.|--,104.44.29.29,0.0%,10,241.0,210.6,149.6,252.3,36.2
2023-05-03 21:14:32.044651,4.231.225.177,512,16.|--,104.44.16.8,0.0%,10,150.8,151.1,150.4,152.2,0.5
2023-05-03 21:14:32.044651,4.231.225.177,512,17.|--,104.44.17.153,0.0%,10,150.2,150.8,150.2,151.8,0.4
2023-05-03 21:14:32.044651,4.231.225.177,512,18.|--,104.44.7.75,0.0%,10,148.8,149.5,148.7,151.4,0.9
2023-05-03 21:14:32.044651,4.231.225.177,512,19.|--,104.44.11.66,0.0%,10,149.2,150.3,148.6,156.6,2.4
2023-05-03 21:14:32.044651,4.231.225.177,512,20.|--,???,100.0,10,0.0,0.0,0.0,0.0,0.0

2023-05-03 21:14:32.044651,4.231.225.177,1024,HOST:,endeavour,Loss%,Snt,Last,Avg,Best,Wrst,StDev
2023-05-03 21:14:32.044651,4.231.225.177,1024,1.|--,192.168.0.1,0.0%,10,1.4,1.4,1.3,1.5,0.1
2023-05-03 21:14:32.044651,4.231.225.177,1024,2.|--,10.248.0.2,0.0%,10,2.5,2.3,1.9,2.6,0.3
2023-05-03 21:14:32.044651,4.231.225.177,1024,3.|--,45.71.39.254,0.0%,10,2.1,2.3,2.0,2.8,0.3
2023-05-03 21:14:32.044651,4.231.225.177,1024,4.|--,172.16.201.180,0.0%,10,4.3,4.3,3.4,7.6,1.2
2023-05-03 21:14:32.044651,4.231.225.177,1024,5.|--,172.18.9.4,0.0%,10,5.0,5.2,3.4,15.2,3.5
2023-05-03 21:14:32.044651,4.231.225.177,1024,6.|--,172.18.9.6,0.0%,10,4.4,4.5,3.6,8.6,1.5
2023-05-03 21:14:32.044651,4.231.225.177,1024,7.|--,67.73.160.1,0.0%,10,7.3,7.5,3.5,16.6,4.5
2023-05-03 21:14:32.044651,4.231.225.177,1024,8.|--,200.189.207.210,0.0%,10,18.7,22.4,18.5,44.6,8.3
2023-05-03 21:14:32.044651,4.231.225.177,1024,9.|--,4.68.68.86,0.0%,10,18.6,21.5,18.0,47.5,9.2
2023-05-03 21:14:32.044651,4.231.225.177,1024,10.|--,104.44.235.212,0.0%,10,60.5,61.3,59.7,64.4,1.4
2023-05-03 21:14:32.044651,4.231.225.177,1024,11.|--,104.44.33.155,0.0%,10,151.1,151.2,150.7,152.6,0.5
2023-05-03 21:14:32.044651,4.231.225.177,1024,12.|--,104.44.19.15,10.0%,10,149.2,149.6,148.7,150.1,0.4
2023-05-03 21:14:32.044651,4.231.225.177,1024,13.|--,104.44.16.47,40.0%,10,149.3,149.3,149.2,149.5,0.1
2023-05-03 21:14:32.044651,4.231.225.177,1024,14.|--,104.44.29.8,0.0%,10,151.1,150.9,150.2,151.2,0.3
2023-05-03 21:14:32.044651,4.231.225.177,1024,15.|--,104.44.29.29,0.0%,10,149.6,181.1,149.6,259.1,47.3
2023-05-03 21:14:32.044651,4.231.225.177,1024,16.|--,104.44.16.8,0.0%,10,151.3,151.1,150.5,152.0,0.4
2023-05-03 21:14:32.044651,4.231.225.177,1024,17.|--,104.44.17.153,0.0%,10,151.1,151.0,150.5,151.6,0.4
2023-05-03 21:14:32.044651,4.231.225.177,1024,18.|--,104.44.7.75,0.0%,10,149.6,149.4,148.6,149.8,0.4
2023-05-03 21:14:32.044651,4.231.225.177,1024,19.|--,104.44.11.66,0.0%,10,148.7,150.5,148.2,159.5,3.8
2023-05-03 21:14:32.044651,4.231.225.177,1024,20.|--,???,100.0,10,0.0,0.0,0.0,0.0,0.0

2023-05-03 21:14:32.044651,34.176.209.21,64,HOST:,endeavour,Loss%,Snt,Last,Avg,Best,Wrst,StDev
2023-05-03 21:14:32.044651,34.176.209.21,64,1.|--,192.168.0.1,0.0%,10,1.4,1.2,0.7,1.4,0.2
2023-05-03 21:14:32.044651,34.176.209.21,64,2.|--,10.248.0.2,0.0%,10,1.7,2.0,1.7,2.5,0.2
2023-05-03 21:14:32.044651,34.176.209.21,64,3.|--,45.71.39.254,0.0%,10,2.4,2.4,2.0,2.8,0.2
2023-05-03 21:14:32.044651,34.176.209.21,64,4.|--,172.16.201.180,0.0%,10,3.6,3.8,3.3,5.0,0.5
2023-05-03 21:14:32.044651,34.176.209.21,64,5.|--,172.18.9.4,0.0%,10,6.5,4.7,3.3,9.1,1.8
2023-05-03 21:14:32.044651,34.176.209.21,64,6.|--,172.18.9.6,0.0%,10,3.5,4.2,3.5,5.6,0.6
2023-05-03 21:14:32.044651,34.176.209.21,64,7.|--,142.250.167.108,0.0%,10,18.0,17.7,17.1,18.1,0.3
2023-05-03 21:14:32.044651,34.176.209.21,64,8.|--,34.176.209.21,0.0%,10,151.3,151.0,150.4,152.0,0.6

2023-05-03 21:14:32.044651,34.176.209.21,128,HOST:,endeavour,Loss%,Snt,Last,Avg,Best,Wrst,StDev
2023-05-03 21:14:32.044651,34.176.209.21,128,1.|--,192.168.0.1,0.0%,10,1.2,2.6,1.2,11.2,3.2
2023-05-03 21:14:32.044651,34.176.209.21,128,2.|--,10.248.0.2,0.0%,10,2.3,2.1,1.5,2.8,0.4
2023-05-03 21:14:32.044651,34.176.209.21,128,3.|--,45.71.39.254,0.0%,10,2.2,2.1,1.3,2.6,0.4
2023-05-03 21:14:32.044651,34.176.209.21,128,4.|--,172.16.201.180,0.0%,10,3.4,3.7,3.1,4.2,0.4
2023-05-03 21:14:32.044651,34.176.209.21,128,5.|--,172.18.9.4,0.0%,10,3.8,5.2,3.5,15.8,3.7
2023-05-03 21:14:32.044651,34.176.209.21,128,6.|--,172.18.9.6,0.0%,10,3.8,4.2,3.4,4.7,0.4
2023-05-03 21:14:32.044651,34.176.209.21,128,7.|--,142.250.167.108,0.0%,10,17.4,17.7,17.0,18.7,0.5
2023-05-03 21:14:32.044651,34.176.209.21,128,8.|--,34.176.209.21,0.0%,10,183.2,184.0,183.0,190.5,2.3

2023-05-03 21:14:32.044651,34.176.209.21,256,HOST:,endeavour,Loss%,Snt,Last,Avg,Best,Wrst,StDev
2023-05-03 21:14:32.044651,34.176.209.21,256,1.|--,192.168.0.1,0.0%,10,1.2,1.3,0.8,1.4,0.2
2023-05-03 21:14:32.044651,34.176.209.21,256,2.|--,10.248.0.2,0.0%,10,1.7,2.1,1.7,2.6,0.4
2023-05-03 21:14:32.044651,34.176.209.21,256,3.|--,45.71.39.254,0.0%,10,2.5,2.1,1.8,2.5,0.2
2023-05-03 21:14:32.044651,34.176.209.21,256,4.|--,172.16.201.180,0.0%,10,3.7,3.7,3.3,4.5,0.4
2023-05-03 21:14:32.044651,34.176.209.21,256,5.|--,172.18.9.4,0.0%,10,4.1,4.0,3.4,4.7,0.4
2023-05-03 21:14:32.044651,34.176.209.21,256,6.|--,172.18.9.6,0.0%,10,4.7,4.0,3.4,4.7,0.5
2023-05-03 21:14:32.044651,34.176.209.21,256,7.|--,142.250.167.108,0.0%,10,18.1,17.8,17.2,18.3,0.4
2023-05-03 21:14:32.044651,34.176.209.21,256,8.|--,34.176.209.21,0.0%,10,183.4,183.2,182.8,183.6,0.3

2023-05-03 21:14:32.044651,34.176.209.21,512,HOST:,endeavour,Loss%,Snt,Last,Avg,Best,Wrst,StDev
2023-05-03 21:14:32.044651,34.176.209.21,512,1.|--,192.168.0.1,0.0%,10,1.4,1.4,1.2,1.4,0.0
2023-05-03 21:14:32.044651,34.176.209.21,512,2.|--,10.248.0.2,0.0%,10,2.7,2.2,1.8,2.7,0.4
2023-05-03 21:14:32.044651,34.176.209.21,512,3.|--,45.71.39.254,0.0%,10,2.9,2.3,1.7,2.9,0.4
2023-05-03 21:14:32.044651,34.176.209.21,512,4.|--,172.16.201.180,0.0%,10,3.9,3.5,3.0,3.9,0.3
2023-05-03 21:14:32.044651,34.176.209.21,512,5.|--,172.18.9.4,0.0%,10,4.1,3.8,3.3,4.3,0.3
2023-05-03 21:14:32.044651,34.176.209.21,512,6.|--,172.18.9.6,0.0%,10,3.6,4.0,3.5,4.6,0.4
2023-05-03 21:14:32.044651,34.176.209.21,512,7.|--,142.250.167.108,0.0%,10,17.4,17.9,17.4,18.4,0.3
2023-05-03 21:14:32.044651,34.176.209.21,512,8.|--,34.176.209.21,0.0%,10,183.5,184.1,182.9,190.6,2.3

2023-05-03 21:14:32.044651,34.176.209.21,1024,HOST:,endeavour,Loss%,Snt,Last,Avg,Best,Wrst,StDev
2023-05-03 21:14:32.044651,34.176.209.21,1024,1.|--,192.168.0.1,0.0%,10,4.1,1.6,1.1,4.1,0.9
2023-05-03 21:14:32.044651,34.176.209.21,1024,2.|--,10.248.0.2,0.0%,10,2.7,2.3,1.7,2.7,0.3
2023-05-03 21:14:32.044651,34.176.209.21,1024,3.|--,45.71.39.254,0.0%,10,2.9,2.4,1.8,2.9,0.3
2023-05-03 21:14:32.044651,34.176.209.21,1024,4.|--,172.16.201.180,0.0%,10,3.9,3.7,3.2,4.2,0.3
2023-05-03 21:14:32.044651,34.176.209.21,1024,5.|--,172.18.9.4,0.0%,10,5.9,4.2,3.4,5.9,0.7
2023-05-03 21:14:32.044651,34.176.209.21,1024,6.|--,172.18.9.6,0.0%,10,3.8,4.4,3.8,5.3,0.6
2023-05-03 21:14:32.044651,34.176.209.21,1024,7.|--,142.250.167.108,0.0%,10,17.4,17.9,17.3,18.4,0.4
2023-05-03 21:14:32.044651,34.176.209.21,1024,8.|--,34.176.209.21,0.0%,10,183.5,183.5,182.8,184.6,0.5

2023-05-03 21:14:32.044651,35.234.37.87,64,HOST:,endeavour,Loss%,Snt,Last,Avg,Best,Wrst,StDev
2023-05-03 21:14:32.044651,35.234.37.87,64,1.|--,192.168.0.1,0.0%,10,1.3,1.3,1.1,1.4,0.1
2023-05-03 21:14:32.044651,35.234.37.87,64,2.|--,10.248.0.2,0.0%,10,2.1,2.1,1.6,2.4,0.2
2023-05-03 21:14:32.044651,35.234.37.87,64,3.|--,45.71.39.254,0.0%,10,2.1,2.2,1.8,2.9,0.4
2023-05-03 21:14:32.044651,35.234.37.87,64,4.|--,172.16.201.180,0.0%,10,3.2,3.7,3.0,4.7,0.5
2023-05-03 21:14:32.044651,35.234.37.87,64,5.|--,172.18.9.4,0.0%,10,4.4,4.1,3.7,4.5,0.3
2023-05-03 21:14:32.044651,35.234.37.87,64,6.|--,172.18.9.6,0.0%,10,4.4,6.3,3.6,20.3,5.1
2023-05-03 21:14:32.044651,35.234.37.87,64,7.|--,142.250.167.108,0.0%,10,17.5,17.6,17.1,18.6,0.4
2023-05-03 21:14:32.044651,35.234.37.87,64,8.|--,35.234.37.87,0.0%,10,249.0,249.6,249.0,250.6,0.4

2023-05-03 21:14:32.044651,35.234.37.87,128,HOST:,endeavour,Loss%,Snt,Last,Avg,Best,Wrst,StDev
2023-05-03 21:14:32.044651,35.234.37.87,128,1.|--,192.168.0.1,0.0%,10,1.4,1.3,1.1,1.4,0.1
2023-05-03 21:14:32.044651,35.234.37.87,128,2.|--,10.248.0.2,0.0%,10,2.7,2.1,1.5,2.7,0.3
2023-05-03 21:14:32.044651,35.234.37.87,128,3.|--,45.71.39.254,0.0%,10,2.7,2.2,1.8,2.7,0.4
2023-05-03 21:14:32.044651,35.234.37.87,128,4.|--,172.16.201.180,0.0%,10,3.6,3.6,2.9,4.3,0.5
2023-05-03 21:14:32.044651,35.234.37.87,128,5.|--,172.18.9.4,0.0%,10,3.6,4.0,3.4,4.5,0.4
2023-05-03 21:14:32.044651,35.234.37.87,128,6.|--,172.18.9.6,0.0%,10,3.6,3.9,3.3,4.6,0.4
2023-05-03 21:14:32.044651,35.234.37.87,128,7.|--,142.250.167.108,0.0%,10,17.1,17.9,17.1,19.4,0.6
2023-05-03 21:14:32.044651,35.234.37.87,128,8.|--,35.234.37.87,0.0%,10,249.7,249.5,248.9,250.3,0.4

2023-05-03 21:14:32.044651,35.234.37.87,256,HOST:,endeavour,Loss%,Snt,Last,Avg,Best,Wrst,StDev
2023-05-03 21:14:32.044651,35.234.37.87,256,1.|--,192.168.0.1,0.0%,10,1.3,1.3,1.0,1.4,0.1
2023-05-03 21:14:32.044651,35.234.37.87,256,2.|--,10.248.0.2,0.0%,10,1.5,1.9,1.2,2.4,0.4
2023-05-03 21:14:32.044651,35.234.37.87,256,3.|--,45.71.39.254,0.0%,10,2.5,2.3,1.8,2.7,0.2
2023-05-03 21:14:32.044651,35.234.37.87,256,4.|--,172.16.201.180,0.0%,10,3.5,3.4,3.2,3.7,0.2
2023-05-03 21:14:32.044651,35.234.37.87,256,5.|--,172.18.9.4,0.0%,10,3.8,4.0,3.5,4.7,0.3
2023-05-03 21:14:32.044651,35.234.37.87,256,6.|--,172.18.9.6,0.0%,10,3.5,4.0,3.4,4.3,0.3
2023-05-03 21:14:32.044651,35.234.37.87,256,7.|--,142.250.167.108,0.0%,10,18.1,17.7,17.1,18.1,0.3
2023-05-03 21:14:32.044651,35.234.37.87,256,8.|--,35.234.37.87,0.0%,10,251.7,251.6,251.0,253.2,0.7

2023-05-03 21:14:32.044651,35.234.37.87,512,HOST:,endeavour,Loss%,Snt,Last,Avg,Best,Wrst,StDev
2023-05-03 21:14:32.044651,35.234.37.87,512,1.|--,192.168.0.1,0.0%,10,1.5,1.4,1.2,1.5,0.1
2023-05-03 21:14:32.044651,35.234.37.87,512,2.|--,10.248.0.2,0.0%,10,1.5,14.4,1.3,127.6,39.8
2023-05-03 21:14:32.044651,35.234.37.87,512,3.|--,45.71.39.254,0.0%,10,2.4,2.2,1.8,2.6,0.3
2023-05-03 21:14:32.044651,35.234.37.87,512,4.|--,172.16.201.180,0.0%,10,3.4,4.8,3.0,13.9,3.2
2023-05-03 21:14:32.044651,35.234.37.87,512,5.|--,172.18.9.4,0.0%,10,3.7,4.7,3.7,10.2,2.0
2023-05-03 21:14:32.044651,35.234.37.87,512,6.|--,172.18.9.6,0.0%,10,4.4,4.7,3.6,10.8,2.1
2023-05-03 21:14:32.044651,35.234.37.87,512,7.|--,142.250.167.108,0.0%,10,17.9,17.7,17.2,18.2,0.3
2023-05-03 21:14:32.044651,35.234.37.87,512,8.|--,35.234.37.87,0.0%,10,251.4,251.5,250.6,253.4,0.8

2023-05-03 21:14:32.044651,35.234.37.87,1024,HOST:,endeavour,Loss%,Snt,Last,Avg,Best,Wrst,StDev
2023-05-03 21:14:32.044651,35.234.37.87,1024,1.|--,192.168.0.1,0.0%,10,1.4,1.3,1.2,1.4,0.1
2023-05-03 21:14:32.044651,35.234.37.87,1024,2.|--,10.248.0.2,0.0%,10,1.7,1.7,1.2,2.3,0.4
2023-05-03 21:14:32.044651,35.234.37.87,1024,3.|--,45.71.39.254,0.0%,10,2.6,3.4,2.0,10.5,2.6
2023-05-03 21:14:32.044651,35.234.37.87,1024,4.|--,172.16.201.180,0.0%,10,3.7,3.7,3.2,4.1,0.3
2023-05-03 21:14:32.044651,35.234.37.87,1024,5.|--,172.18.9.4,0.0%,10,3.7,5.0,3.6,13.9,3.2
2023-05-03 21:14:32.044651,35.234.37.87,1024,6.|--,172.18.9.6,0.0%,10,4.9,4.3,3.9,4.9,0.3
2023-05-03 21:14:32.044651,35.234.37.87,1024,7.|--,142.250.167.108,0.0%,10,18.2,17.9,17.6,18.4,0.3
2023-05-03 21:14:32.044651,35.234.37.87,1024,8.|--,35.234.37.87,0.0%,10,251.4,251.2,250.9,252.1,0.5

